Response ID,IP Address,Timestamp (MM/DD/YYYY),Device Data,Time Taken to Complete (Seconds),Response Status,Seq. Number,External Reference,Respondent Email,Email List,Country Code,Region,1 - INTRO,2 - Resume,3 - Demographics_header,4 - Age,5 - Gender,6 - Race_Ethnicity,7 - Education,8 - Location,9 - Industry,10 - Job_Level,11 - Years_Experience,12 - Hours_Week,13 - Salary,14 - Work_Behavior_Header,15 - Job Performance1,15 - Job Performance2,15 - Job Performance3,15 - Job Performance4,15 - Job Performance5,15 - Job Performance6,15 - Job Performance7,15 - Job Performance8,15 - Job Performance9,15 - Job Performance10,15 - Job Performance11,15 - Job Performance12,15 - Job Performance13,15 - Job Performance14,15 - Job Performance15,15 - Job Performance16,15 - Job Performance17,15 - Job Performance18,16 - Impression_Work1,16 - Impression_Work2,16 - Impression_Work3,16 - Impression_Work4,16 - Impression_Work5,16 - Impression_Work6,16 - Impression_Work7,16 - Impression_Work8,16 - Impression_Work9,16 - Impression_Work10,Spot_The_Word_Test:slank,Spot_The_Word_Test:chariot,Spot_The_Word_Test:...........1,Spot_The_Word_Test:lentil,Spot_The_Word_Test:glotex,Spot_The_Word_Test:...........2,Spot_The_Word_Test:stamen,Spot_The_Word_Test:dombus,Spot_The_Word_Test:...........3,Spot_The_Word_Test:loba,Spot_The_Word_Test:comet,Spot_The_Word_Test:...........4,Spot_The_Word_Test:pylon,Spot_The_Word_Test:stroin,Spot_The_Word_Test:...........5,Spot_The_Word_Test:scrapten,Spot_The_Word_Test:flannel,Spot_The_Word_Test:...........6,Spot_The_Word_Test:fender,Spot_The_Word_Test:ullus,Spot_The_Word_Test:...........7,Spot_The_Word_Test:ragspur,Spot_The_Word_Test:joust,Spot_The_Word_Test:...........8,Spot_The_Word_Test:milliary,Spot_The_Word_Test:mantis,Spot_The_Word_Test:...........9,Spot_The_Word_Test:sterile,Spot_The_Word_Test:palth,Spot_The_Word_Test:...........10,Spot_The_Word_Test:proctive,Spot_The_Word_Test:monotheism,Spot_The_Word_Test:...........11,Spot_The_Word_Test:glivular,Spot_The_Word_Test:stallion,Spot_The_Word_Test:...........12,Spot_The_Word_Test:intervantation,Spot_The_Word_Test:rictus,Spot_The_Word_Test:...........13,Spot_The_Word_Test:byzantine,Spot_The_Word_Test:chloriant,Spot_The_Word_Test:...........14,Spot_The_Word_Test:monologue,Spot_The_Word_Test:rufine,Spot_The_Word_Test:...........15,Spot_The_Word_Test:elegy,Spot_The_Word_Test:festant,Spot_The_Word_Test:...........16,Spot_The_Word_Test:malign,Spot_The_Word_Test:vago,Spot_The_Word_Test:...........17,Spot_The_Word_Test:exonize,Spot_The_Word_Test:gelding,Spot_The_Word_Test:...........18,Spot_The_Word_Test:bulliner,Spot_The_Word_Test:trireme,Spot_The_Word_Test:...........19,Spot_The_Word_Test:visage,Spot_The_Word_Test:hyperlisitc,Spot_The_Word_Test:...........20,Spot_The_Word_Test:froin,Spot_The_Word_Test:oratory,Spot_The_Word_Test:...........21,Spot_The_Word_Test:meridian,Spot_The_Word_Test:phillidism,Spot_The_Word_Test:...........22,Spot_The_Word_Test:grottle,Spot_The_Word_Test:strumpet,Spot_The_Word_Test:...........23,Spot_The_Word_Test:equine,Spot_The_Word_Test:psynomy,Spot_The_Word_Test:...........24,Spot_The_Word_Test:baggalette,Spot_The_Word_Test:riposte,Spot_The_Word_Test:...........25,Spot_The_Word_Test:valance,Spot_The_Word_Test:plesmoid,Spot_The_Word_Test:...........26,Spot_The_Word_Test:introvert,Spot_The_Word_Test:vinadism,Spot_The_Word_Test:...........27,Spot_The_Word_Test:penumbra,Spot_The_Word_Test:rubiant,Spot_The_Word_Test:...........28,Spot_The_Word_Test:breen,Spot_The_Word_Test:malinger,Spot_The_Word_Test:...........29,Spot_The_Word_Test:gammon,Spot_The_Word_Test:unterried,Spot_The_Word_Test:...........30,Spot_The_Word_Test:coracle,Spot_The_Word_Test:prestasis,Spot_The_Word_Test:...........31,Spot_The_Word_Test:paramour,Spot_The_Word_Test:imbulasm,Spot_The_Word_Test:...........32,Spot_The_Word_Test:dallow,Spot_The_Word_Test:octaroon,Spot_The_Word_Test:...........33,Spot_The_Word_Test:fleggary,Spot_The_Word_Test:carnation,Spot_The_Word_Test:...........34,Spot_The_Word_Test:liminoid,Spot_The_Word_Test:agnostic,Spot_The_Word_Test:...........35,Spot_The_Word_Test:naquescent,Spot_The_Word_Test:plinth,Spot_The_Word_Test:...........36,Spot_The_Word_Test:thole,Spot_The_Word_Test:leptine,Spot_The_Word_Test:...........37,Spot_The_Word_Test:crattish,Spot_The_Word_Test:reform,Spot_The_Word_Test:...........38,Spot_The_Word_Test:wraith,Spot_The_Word_Test:stribble,Spot_The_Word_Test:...........39,Spot_The_Word_Test:metulate,Spot_The_Word_Test:pristine,Spot_The_Word_Test:...........40,Spot_The_Word_Test:pauper,Spot_The_Word_Test:progotic,Spot_The_Word_Test:...........41,Spot_The_Word_Test:aurant,Spot_The_Word_Test:baleen,Spot_The_Word_Test:...........42,Spot_The_Word_Test:palindrome,Spot_The_Word_Test:lentathic,Spot_The_Word_Test:...........43,Spot_The_Word_Test:hedgehog,Spot_The_Word_Test:mordler,Spot_The_Word_Test:...........44,Spot_The_Word_Test:prassy,Spot_The_Word_Test:ferret,Spot_The_Word_Test:...........45,Spot_The_Word_Test:torbate,Spot_The_Word_Test:drumlin,Spot_The_Word_Test:...........46,Spot_The_Word_Test:texture,Spot_The_Word_Test:disenrupted,Spot_The_Word_Test:...........47,Spot_The_Word_Test:isomorphic,Spot_The_Word_Test:thassiary,Spot_The_Word_Test:...........48,Spot_The_Word_Test:fremoid,Spot_The_Word_Test:vitriol,Spot_The_Word_Test:...........49,Spot_The_Word_Test:farrago,Spot_The_Word_Test:gesticity,Spot_The_Word_Test:...........50,Spot_The_Word_Test:minidyne,Spot_The_Word_Test:hermeneutic,Spot_The_Word_Test:...........51,Spot_The_Word_Test:pusality,Spot_The_Word_Test:chaos,Spot_The_Word_Test:...........52,Spot_The_Word_Test:devastate,Spot_The_Word_Test:prallage,Spot_The_Word_Test:...........53,Spot_The_Word_Test:peremptory,Spot_The_Word_Test:paralepsy,Spot_The_Word_Test:...........54,Spot_The_Word_Test:chalper,Spot_The_Word_Test:camera,Spot_The_Word_Test:...........55,Spot_The_Word_Test:roster,Spot_The_Word_Test:fallulate,Spot_The_Word_Test:...........56,Spot_The_Word_Test:scaline,Spot_The_Word_Test:accolade,Spot_The_Word_Test:...........57,Spot_The_Word_Test:methagenate,Spot_The_Word_Test:pleonasm,Spot_The_Word_Test:...........58,Spot_The_Word_Test:drobble,Spot_The_Word_Test:infiltrate,Spot_The_Word_Test:........... 59,Spot_The_Word_Test:mystical,Spot_The_Word_Test:harreen,18 - GRIT1,18 - GRIT2,18 - GRIT3,18 - GRIT4,18 - GRIT5,18 - GRIT6,18 - GRIT7,18 - GRIT8
42781849,181.175.100.157,12/7/2015 14:55,DESKTOP/LAPTOP: Windows 8,1020,Complete,1,,,,EC,10,,http://www.questionpro.com//userimages/sub-3/2618468/4367714/44267038/42781849-cv.doc,,1,1,1,6,"California, California, EE. UU. (Longitude : -119.4179324, Latitude : 36.778261)",10,3,1,42,1,,5,5,5,5,5,5,5,5,5,5,5,4,4,3,4,4,4,4,4,5,2,5,2,6,6,6,6,7,,1,,,1,,1,,,,1,,1,,,,1,,,1,,1,,,,1,,,1,,,1,,,1,,1,,,,1,,1,,,1,,,,1,,,1,,,1,,,1,,,1,,1,,,1,,,,1,,,1,,1,,,1,,,1,,,1,,,,1,,,1,,1,,,1,,,,1,,,1,,1,,,,1,,,1,,1,,,1,,,,1,,1,,,,1,,,1,,,1,,1,,,1,,,1,,,1,,,,1,,,1,,,1,,1,,,1,,,,1,,1,,,,1,,,1,,,1,,1,,7,7,6,6,7,5,6,6
42786249,77.172.13.117,12/7/2015 15:50,DESKTOP/LAPTOP: Windows (other),835,Complete,1,,,,NL,7,,http://www.questionpro.com//userimages/sub-3/2618468/4367714/44267038/42786249-Resume2015.docx,,2,1,6,5,"582 Montgomery St, 582 Montgomery St, Jersey City, NJ 07302, Verenigde Staten (Longitude : -74.0611585, Latitude : 40.7228216)",9,2,1,32,1,,4,3,4,4,3,4,4,3,3,3,2,2,3,4,3,4,3,4,5,5,4,4,5,5,6,6,5,5,1,,,1,,,,1,,,1,,1,,,,1,,1,,,1,,,,1,,1,,,,1,,,1,,,1,,1,,,,1,,1,,,1,,,,1,,,1,,1,,,1,,,,1,,,1,,1,,,,1,,,1,,1,,,,1,,1,,,1,,,1,,,,1,,1,,,1,,,,1,,,1,,,1,,,1,,,1,,1,,,1,,,1,,,1,,,,1,,,1,,1,,,1,,,,1,,,1,,1,,,,1,,,1,,1,,,,1,,,1,,,1,,1,,,,1,,,1,,1,,5,5,4,6,6,5,4,4
42787335,37.189.139.52,12/7/2015 16:04,DESKTOP/LAPTOP: Windows (other),299,Complete,1,,,,PT,21,,http://www.questionpro.com//userimages/sub-3/2618468/4367714/44267038/42787335-resume-1.docx,,1,1,1,7,"Leiria, Leiria, Portugal (Longitude : -8.807683, Latitude : 39.7495331)",10,2,1,40,1,,3,3,3,3,3,3,3,3,3,3,3,3,3,3,3,3,3,3,4,4,4,4,4,4,4,4,4,4,,,,,1,,,,,,,,,,,,,,,1,,,,,,,,,,,,1,,,,,,,,,,,,,,,,,,,,,,,,,,,,,,,,,,,,,,,,,,,,,,,,1,,,,,,,,,,,,,,,,,,,,1,,,,,,,,,,,,,,,,,,,,,,,,,,,,,,,,,,,,,,,1,,,,,,,,,,,,,,,,,,,,,,,,,,,,,,,,,,,,,,,,,4,4,4,4,4,4,4,4
42787522,2.136.45.128,12/7/2015 16:06,DESKTOP/LAPTOP: Mac,1712,Complete,1,,,,ES,56,,http://www.questionpro.com//userimages/sub-3/2618468/4367714/44267038/42787522-resume.doc,,2,1,3,5,"Carrer de la Riera Blanca, 112, Carrer de la Riera Blanca, 112, 08903 L'Hospitalet de Llobregat, Barcelona, Spain (Longitude : 2.1274103, Latitude : 41.3714503)",10,1,1,40,1,,4,3,4,4,3,4,3,2,4,4,4,4,1,1,1,1,2,2,1,1,1,1,1,7,7,4,4,4,,1,,1,,,1,,,,1,,1,,,,1,,1,,,,1,,,1,,1,,,,1,,,1,,,1,,1,,,1,,,1,,,1,,,,1,,,1,,1,,,,1,,1,,,,1,,1,,,,1,,1,,,1,,,1,,,,1,,1,,,1,,,1,,,,1,,,1,,,1,,,1,,1,,,,1,,1,,,,1,,1,,,,1,,1,,,1,,,,1,,,1,,1,,,1,,,,1,,1,,,,1,,,1,,,1,,1,,,,1,,1,,,,1,,,1,,,1,,1,,6,6,4,5,6,6,6,6
42790155,24.34.32.197,12/7/2015 16:39,DESKTOP/LAPTOP: Windows (other),469,Complete,1,,,,US,MA,,http://www.questionpro.com//userimages/sub-3/2618468/4367714/44267038/42790155-Rsum.pdf,,2,1,6,2,"Amherst, Amherst, MA, USA (Longitude : -72.5198537, Latitude : 42.3732216)",17,5,4,50,2,,5,5,4,5,5,4,4,4,5,5,4,4,2,1,2,1,1,2,6,6,1,5,5,6,6,6,6,6,1,,,,1,,,1,,1,,,,1,,1,,,,1,,1,,,1,,,,1,,1,,,1,,,1,,,,1,,,1,,,1,,,1,,1,,,1,,,,1,,,1,,,1,,1,,,,1,,1,,,,1,,,1,,,1,,1,,,1,,,1,,,,1,,1,,,1,,,1,,,1,,,,1,,1,,,,1,,1,,,1,,,,1,,,1,,,1,,1,,,,1,,,1,,,1,,1,,,,1,,1,,,1,,,,1,,1,,,1,,,,1,,1,,,1,,,1,,,,1,7,7,6,5,7,6,5,6
42791049,49.206.204.24,12/7/2015 16:50,DESKTOP/LAPTOP: Windows (other),1879,Complete,1,,,,IN,2,,http://www.questionpro.com//userimages/sub-3/2618468/4367714/44267038/42791049-SantoshVYadav-QA.doc,,3,1,3,6,"Hyderabad, Hyderabad, Telangana, India (Longitude : 78.486671, Latitude : 17.385044)",10,3,10,40,1,,5,5,5,5,5,5,5,5,5,5,5,5,5,5,5,1,1,1,2,1,1,5,1,6,6,6,6,6,,1,,1,,,1,,,,1,,1,,,,1,,,1,,,1,,,1,,1,,,,1,,,1,,,1,,,,,1,,,1,,,1,,,,1,,,1,,,,,,1,,1,,,,1,,1,,,,1,,1,,,1,,,1,,,1,1,,,1,,1,,,1,,,,1,,,,,,1,,,1,,1,,,,1,,1,,,,1,,1,,,,1,,1,,,1,,,,1,,1,1,,1,,,1,,,,1,,1,,,,1,,,1,,1,,,1,,,,1,,1,,,,1,,,1,,,1,,1,,7,7,7,7,7,7,7,7
42791109,99.226.230.107,12/7/2015 16:51,DESKTOP/LAPTOP: Windows 8,485,Complete,1,,,,CA,ON,,http://www.questionpro.com//userimages/sub-3/2618468/4367714/44267038/42791109-Resume.docx,,2,1,3,6,"Toronto, Toronto, ON, Canada (Longitude : -79.3831843, Latitude : 43.653226)",7,3,2,40,4,,3,2,3,3,3,3,3,3,3,3,3,3,3,3,3,3,3,3,4,4,4,4,4,6,6,4,4,4,,1,,1,,,1,,,,1,,1,,,,1,,1,,,,1,,1,,,1,,,,1,,,1,,1,,,1,,,1,,,,1,,1,,,,1,,1,,,1,,,,1,,1,,,1,,,,1,,,1,,,,,1,,,,1,,1,,,,1,,,1,,1,,,1,,,,1,,,1,,,1,,,1,,,1,,1,,,,1,,1,,,1,,,1,,,1,,,,1,,,1,,1,,,1,,,,1,,,1,,,1,,,1,,1,,,,1,,,1,,1,,,,1,,1,,,,1,,1,,5,4,4,5,4,4,4,4
42798602,142.197.143.63,12/7/2015 18:49,DESKTOP/LAPTOP: Windows (other),428,Complete,1,,,,US,FL,,http://www.questionpro.com//userimages/sub-3/2618468/4367714/44267038/42798602-Leo-Leal-Resume.pdf,,2,1,1,2,"Kissimmee, Kissimmee, FL, USA (Longitude : -81.407571, Latitude : 28.2919557)",15,3,1,60,3,,3,3,3,5,3,4,4,4,4,4,3,3,5,2,2,2,3,2,2,1,1,3,3,6,6,6,6,6,,1,,1,,,,,,,1,,1,,,,1,,1,,,,1,,1,1,,1,,,1,1,,,1,,,,,1,,,1,,,,,,,,,,,,,,,1,,,,,,,,,,,,,,,,,,,,,1,,,,,,,,,,,,,,,,,,,,,,,,,,,,,,,,,,,,1,,,,1,,1,,,,,,,,,1,,,,1,,,,,1,,,,,,,,,,,,,,,,1,,1,,,,,,,1,,1,,,,,,,,,,,,1,,6,6,5,7,7,7,7,7
42806875,212.233.148.159,12/7/2015 20:32,DESKTOP/LAPTOP: Windows (other),1209,Complete,1,,,,BG,50,,http://www.questionpro.com//userimages/sub-3/2618468/4367714/44267038/42806875-cv.doc,,1,1,6,6,"London, London, UK (Longitude : -0.1277583, Latitude : 51.5073509)",12,3,2,40,2,,4,4,4,5,4,3,4,4,4,4,5,3,5,4,2,2,3,2,5,5,4,5,5,6,6,3,4,5,,1,,1,,,1,,,,1,,1,,,,1,,1,,,,1,,,1,,1,,,,1,,,1,,,1,,1,,,1,,,,1,,1,,,1,,,1,,,1,,,,1,,1,,,1,,,1,,,,1,,1,,,1,,,1,,,,1,,1,,,,1,,1,,,1,,,,1,,,1,,1,,,,1,,,1,,1,,,,1,,1,,,1,,,,1,,1,,,,1,,1,,,1,,,1,,,,1,,,1,,,1,,,1,,1,,,,1,,,1,,1,,,1,,,1,,,,1,,1,,6,6,6,6,6,6,6,6
42819587,88.201.43.248,12/7/2015 23:17,DESKTOP/LAPTOP: Mac,738,Complete,1,,,,BH,16,,http://www.questionpro.com//userimages/sub-3/2618468/4367714/44267038/42819587-MYCV.doc,,2,1,3,5,"Hamala, Hamala, Bahrain (Longitude : 50.4773453, Latitude : 26.138673)",15,3,5,46,2,,2,3,4,4,3,5,4,5,5,5,4,4,5,2,1,1,1,1,1,1,1,2,2,7,7,2,1,3,,1,,1,,,,1,,,1,,1,,,,1,,1,,,,1,,,1,,1,,,,1,,,1,,,1,,1,,,1,,,1,,,1,,,,1,,,1,,1,,,,1,,1,,,,1,,1,,,,1,,,1,,1,,,1,,,1,,,,1,,1,,,1,,,1,,,,1,,,1,,1,,,,1,,,1,,1,,,,1,,1,,,1,,,1,,,1,,,,1,,,1,,1,,,1,,,,1,,,1,,,1,,,1,,1,,,,1,,,1,,1,,,,1,,1,,,,1,,1,,6,6,5,6,7,5,5,6
42826540,89.74.59.183,12/8/2015 0:47,DESKTOP/LAPTOP: Windows 8,2176,Complete,1,,,,PL,78,,http://www.questionpro.com//userimages/sub-3/2618468/4367714/44267038/42826540-CV.docx,,2,2,6,5,"Warsaw, Warsaw, Poland (Longitude : 21.0122287, Latitude : 52.2296756)",11,1,0,40,1,,4,4,4,4,4,3,3,3,4,4,3,3,3,2,1,2,2,2,2,3,2,2,4,6,5,6,5,5,,1,,1,,,1,,,,1,,1,,,,1,,1,,,,1,,,1,,1,,,1,,,,1,,,1,,1,,,1,,,1,,,1,,,,1,,,1,,1,,,,1,,1,,,,1,,1,,,,1,,1,,,1,,,1,,,,1,,1,,,1,,,1,,,,,1,,1,,,1,,,1,,1,,,,1,,1,,,,1,,1,,,,1,,1,,,1,,,,1,,,,1,1,,,1,,,,1,,1,,,,1,,,1,,1,,,1,,,,1,,1,,,,1,,,1,,,1,,1,,6,6,3,5,4,5,5,6
42832299,5.80.172.140,12/8/2015 2:18,DESKTOP/LAPTOP: Mac,758,Complete,1,,,,GB,,,http://www.questionpro.com//userimages/sub-3/2618468/4367714/44267038/42832299-STUDYCVword.doc,,2,1,6,5,"London, London, UK (Longitude : -0.1277583, Latitude : 51.5073509)",12,4,6,40,2,,4,3,3,4,4,5,4,3,2,4,4,3,5,4,2,2,3,3,6,5,2,3,4,6,5,3,7,6,,1,,1,,,1,,,,1,,1,,,,1,,1,,,,1,,,1,,1,,,,1,,,1,,,1,,1,,,1,,,1,,,1,,,,1,,1,,,1,,,,1,,1,,,,1,,1,,,,1,,1,,,1,,,1,,,,1,,1,,,1,,,1,,,1,,,,1,,,1,,,1,,,1,,,1,,1,,,,1,,1,,,1,,,1,,,1,,,,1,,,1,,1,,,1,,,,1,,,1,,,1,,,1,,1,,,,1,,,1,,1,,,,1,,,1,,,1,,1,,5,6,5,5,6,4,5,4
42835694,14.194.87.236,12/8/2015 3:16,DESKTOP/LAPTOP: Windows (other),1156,Complete,1,,,,IN,16,,http://www.questionpro.com//userimages/sub-3/2618468/4367714/44267038/42835694-resume_priyesh1--it.doc,,2,1,3,5,"401102, 401102, India (Longitude : 72.827915, Latitude : 19.5633551)",6,2,3,40,3,,3,3,3,3,4,3,3,3,3,3,2,2,3,1,1,2,2,1,3,2,3,5,2,4,6,6,6,6,,1,,,,1,,,1,,1,,,,1,,,1,,,1,,,1,,1,,,,1,,,1,,1,,,,1,,,1,,,1,1,,,,,1,,,1,,,1,,,,,,1,1,,,,,1,,1,,,,1,1,,,1,,,,,1,,,1,,,1,,,1,,,1,,,1,,,1,,,1,,1,,,1,,,1,,,,1,,1,,,1,,,,1,1,,,,,1,,,1,,,1,1,,,1,,,,,1,,1,,,,1,,1,,1,,,,1,,,1,,1,,,,1,,,,1,,,1,1,,7,6,5,6,6,6,6,6
42839070,183.90.87.228,12/8/2015 4:18,DESKTOP/LAPTOP: Windows (other),336,Complete,1,,,,SG,0,,http://www.questionpro.com//userimages/sub-3/2618468/4367714/44267038/42839070-Resume.docx,,1,1,3,2,"Tampines Street 32, Tampines Street 32, Singapore (Longitude : 103.9582003, Latitude : 1.3537745)",7,2,1,50,1,,3,3,2,3,3,3,3,2,3,3,3,3,3,3,3,3,4,3,4,3,4,4,4,4,4,4,5,4,,1,,1,,,1,,,,1,,1,,,,1,,1,,,,1,,1,,,1,,,,1,,,1,,,1,,1,,,1,,,1,,,1,,,,1,,,1,,1,,,,1,,1,,,,1,,1,,,,1,1,,,,1,,,1,,,,1,,,1,,,1,,1,,,1,,,1,,,1,,,1,,,1,,,,1,,1,,,,1,,1,,,1,,,1,,,1,,,,1,,,1,,1,,,1,,,,1,,,1,,,1,,,1,,,1,,,1,,,1,,1,,,,1,,,1,,,1,,1,,5,5,5,5,6,5,5,5
42852875,78.150.143.226,12/8/2015 6:46,DESKTOP/LAPTOP: Mac,699,Complete,1,,,,GB,Z4,,http://www.questionpro.com//userimages/sub-3/2618468/4367714/44267038/42852875-ProlificAcademic---CV---2015.txt,,2,2,6,2,"LL22 9RF, Abergele, Conwy LL22 9RF, UK (Longitude : -3.5699421, Latitude : 53.2564879)",10,2,1,40,1,,5,4,5,4,4,3,4,3,4,4,3,3,1,2,1,1,1,2,1,1,1,1,1,1,1,1,1,1,,,,1,,,1,,,,1,,1,,,,1,,1,,,,1,,,1,,1,,,,1,,,1,,,1,,1,,,1,,,1,,,1,,,,1,,1,,,1,,,,1,,1,,,,1,,1,,,,1,,1,,,1,,,,1,,,1,,1,,,1,,,,,,1,,,,1,,,1,,,1,,,1,,,1,,1,,,,1,,1,,,1,,,1,,,1,,,,1,,,1,,1,,,1,,,,1,,,1,,,1,,,1,,1,,,,1,,,1,,1,,,,1,,1,,,,1,,1,,5,6,4,5,5,4,6,6
42853312,108.45.24.12,12/8/2015 6:51,DESKTOP/LAPTOP: Windows (other),321,Complete,1,,,,US,MD,,http://www.questionpro.com//userimages/sub-3/2618468/4367714/44267038/42853312-Resume2013To.jpg,,2,1,6,6,"Washington, Washington, DC, USA (Longitude : -77.0368707, Latitude : 38.9071923)",10,3,2,40,4,,5,5,5,5,5,4,4,5,5,5,5,5,4,1,1,2,1,3,1,1,1,1,2,7,7,4,7,6,,1,,1,,,1,,,,1,,1,,,,1,,1,,,,1,,,1,,,,,,1,,,1,,,1,,1,,,1,,,1,,,1,,,,1,,1,,,1,,,,1,,1,,,,1,,1,,,,1,,1,,,1,,,,1,,,1,,,1,,1,,,1,,,1,,,,1,,,1,,,1,,,1,,,1,,1,,,,,,,,,,1,,1,,,1,,,,1,,,1,,1,,,1,,,,1,,1,,,,1,,,1,,1,,,1,,,1,,,1,,,1,,,1,,,,1,,,1,7,7,7,7,7,6,7,5
42862850,115.77.65.126,12/8/2015 8:39,DESKTOP/LAPTOP: Windows (other),1636,Complete,1,,,,VN,20,,http://www.questionpro.com//userimages/sub-3/2618468/4367714/44267038/42862850-ABC.docx,,2,1,3,8,"Hồ Chí Minh, Hồ Chí Minh, Hồ Chí Minh, Việt Nam (Longitude : 106.6296638, Latitude : 10.8230989)",5,5,2,40,1,,2,3,1,4,3,3,3,2,1,2,1,4,5,4,3,2,1,2,3,3,2,4,5,5,4,6,1,4,,1,,1,,,1,,,,1,,1,,,,1,,1,,,,1,,,1,,1,,,,1,,,1,,,1,,,1,,1,,,1,,,,1,,,1,,,1,,1,,,,1,,1,,,,1,,1,,,,1,,1,,,1,,,1,,,,1,,1,,,,1,,1,,,,1,,,1,,,1,,,1,,1,,,,1,,1,,,,1,,1,,,,1,,1,,,1,,,,1,,,1,,1,,,1,,,,1,,1,,,,1,,,1,,1,,,1,,,,1,,,1,,,1,,,1,,,1,,1,,6,6,4,6,6,5,6,7
42863513,204.236.92.65,12/8/2015 8:46,DESKTOP/LAPTOP: Windows 8,928,Complete,1,,,,BS,23,,http://www.questionpro.com//userimages/sub-3/2618468/4367714/44267038/42863513-Survey-Resume.docx,,2,1,4,5,"Wolfville, Wolfville, NS B0P, Canada (Longitude : -64.3598354, Latitude : 45.0917598)",10,2,0.01,35,2,,3,2,4,4,4,4,4,4,3,3,4,4,3,1,1,1,2,2,4,4,4,2,5,6,6,5,5,3,,1,,1,,,1,,,,1,,1,,,,1,,1,,,,1,,,1,,1,,,,1,,,1,,,1,,1,,,1,,,1,,,1,,,,1,,1,,,1,,,,1,,1,,,,1,,1,,,,1,,1,,,1,,,1,,,1,,,1,,,,1,,,1,,1,,,,1,,,1,,,1,,,1,,,1,,1,,,,1,,1,,,,1,,1,,,1,,,,1,,,1,,1,,,1,,,,1,,,1,,,1,,,1,,1,,,,1,,,1,,1,,,,1,,,1,,,1,,1,,5,4,6,6,5,6,6,6
42865055,108.175.234.27,12/8/2015 9:03,DESKTOP/LAPTOP: Mac,685,Complete,1,,,,CA,ON,,http://www.questionpro.com//userimages/sub-3/2618468/4367714/44267038/42865055-ResumeTest.docx,,2,1,6,2,"Toronto, Toronto, ON, Canada (Longitude : -79.3831843, Latitude : 43.653226)",4,2,5,40,2,,4,4,5,5,4,4,4,4,4,4,4,1,5,1,1,1,2,2,5,5,1,1,1,7,7,7,7,1,,1,,1,,,1,,,,1,,1,,,,1,,1,,,,1,,,1,,1,,,,1,,,1,,,1,,1,,,1,,,1,,,1,,,1,,,1,,,1,,,,1,,1,,,1,,,1,,,,1,,1,,,1,,,,1,,,1,,1,,,,1,,1,,,1,,,,1,,,1,,1,,,,1,,,1,,1,,,,1,,1,,,1,,,1,,,1,,,,1,,1,,,1,,,1,,,,1,,,1,,,1,,,1,,1,,,,1,,,1,,1,,,,1,,,1,,,1,,1,,6,5,6,6,6,6,6,6
42866964,198.0.201.201,12/8/2015 9:25,DESKTOP/LAPTOP: Windows (other),673,Complete,1,,,,US,CA,,http://www.questionpro.com//userimages/sub-3/2618468/4367714/44267038/42866964-Prolificstudy.docx,,2,2,6,6,"Los Gatos, Los Gatos, CA, USA (Longitude : -121.9623751, Latitude : 37.2358078)",15,4,1,50,4,,4,3,3,4,3,2,2,3,3,2,3,2,3,1,1,2,2,3,1,1,1,1,3,6,6,4,4,5,,1,,1,,,1,,,,1,,1,,,,1,,1,,,,1,,,1,,1,,,,1,,,1,,,1,,1,,,1,,,1,,,1,,,,1,,,1,,1,,,,1,,1,,,,1,,1,,,,1,,1,,,1,,,1,,,1,,,1,,,1,,,1,,,,1,,,1,,,1,,,1,,,1,,,1,,1,,,,1,,1,,,,1,,1,,,1,,,,1,,,1,,1,,,1,,,,1,,1,,,,1,,,1,,1,,,1,,,,1,,1,,,,1,,1,,,,1,,1,,5,4,5,6,6,4,5,5
42868805,95.175.104.23,12/8/2015 9:43,DESKTOP/LAPTOP: Windows (other),741,Complete,1,,,,FI,,,http://www.questionpro.com//userimages/sub-3/2618468/4367714/44267038/42868805-CV.doc,,1,1,6,3,"Helsinki, 00100 Helsinki, Suomi (Longitude : 24.9410248, Latitude : 60.1733244)",10,4,3,40,2,,5,5,5,5,5,1,5,1,5,5,1,1,1,1,1,1,5,1,1,1,1,1,1,7,7,7,7,7,,1,,1,,,1,,,,1,,1,,,,1,,1,,,,1,,,1,,1,,,1,,,,1,,,1,,1,,,1,,,1,,,1,,,,1,,,1,,1,,,,1,,1,,,,1,,,1,,,1,,1,,,1,,,1,,,,1,,1,,,,1,,1,,,1,,,,1,,,1,,1,,,1,,,,1,,1,,,,1,,,1,,,1,,1,,,1,,,,1,,1,,,1,,,1,,,,1,,,1,,1,,,,1,,1,,,,1,,,1,,1,,,,1,,1,,,,1,,1,,7,7,7,7,7,1,7,7
42869224,188.129.67.186,12/8/2015 9:48,DESKTOP/LAPTOP: Windows (other),1614,Complete,1,,,,HR,21,,http://www.questionpro.com//userimages/sub-3/2618468/4367714/44267038/42869224-CV.doc,,2,2,6,5,"Zagreb, Zagreb, Croatia (Longitude : 15.981919, Latitude : 45.8150108)",15,3,0.3,40,1,,5,5,5,5,5,2,4,1,5,5,3,3,5,1,1,2,3,2,4,5,2,2,3,5,5,6,3,4,,1,,1,,,1,,,,1,,1,,,,1,,1,,,,1,,,1,,1,,,,1,,,1,,,1,,1,,,1,,,1,,,1,,,1,,,1,,,1,,,,1,,1,,,1,,,1,,,,1,,,1,,1,,,1,,,,1,,,1,,,1,,1,,,,1,,,1,,,1,,1,,,,1,,,1,,1,,,,1,,1,,,1,,,1,,,1,,,,1,,,1,,1,,,1,,,,1,,,1,,,1,,,1,,1,,,,1,,,1,,1,,,1,,,,1,,,1,,1,,3,6,6,6,6,5,6,5
42882208,90.218.189.92,12/8/2015 12:06,DESKTOP/LAPTOP: Windows (other),345,Complete,1,,,,GB,E4,,http://www.questionpro.com//userimages/sub-3/2618468/4367714/44267038/42882208-teaching-resume.docx,,2,1,6,5,"Leeds, Leeds, West Yorkshire, UK (Longitude : -1.5490774, Latitude : 53.8007554)",4,2,3,50,3,,4,4,4,3,3,1,4,2,1,1,4,2,2,3,1,1,2,3,2,3,1,5,1,7,7,6,6,6,,1,,1,,,1,,,,1,,1,,,,1,,1,,,,1,,,1,,1,,,,1,,,1,,,1,,1,,,1,,,1,,,1,,,,1,,,1,,1,,,,1,,1,,,,1,,1,,,,1,,1,,,1,,,1,,,,1,,1,,,1,,,1,,,1,,,,1,,,1,,,1,,,1,,,,,1,,,,1,,1,,,,1,,1,,,1,,,,1,,1,,,1,,,1,,,,1,,,1,,,1,,,1,,1,,,,1,,,1,,1,,,,1,,,1,,,1,,1,,7,6,5,6,6,5,5,7
42886846,77.167.243.44,12/8/2015 12:55,DESKTOP/LAPTOP: Windows 8,992,Complete,1,,,,NL,,,http://www.questionpro.com//userimages/sub-3/2618468/4367714/44267038/42886846-CV-for-survey.doc,,2,2,6,6,"Eindhoven, Eindhoven, Netherlands (Longitude : 5.4697225, Latitude : 51.441642)",10,2,1,40,2,,4,4,4,4,4,4,4,4,4,4,4,4,4,1,1,1,1,2,1,2,1,3,3,7,7,1,1,1,,1,,1,,,1,,,,1,,1,,,,1,,1,,,,1,,,1,,1,,,,1,,,1,,,1,,1,,,1,,,1,,,1,,,1,,,1,,,1,,,,1,,1,,,,1,,1,,,,1,,1,,,1,,,,1,,1,,,1,,,,1,,1,,,1,,,,1,,,1,,,1,,,1,,,1,,,1,,,1,,1,,,1,,,1,,,1,,,,1,,1,,,1,,,1,,,,1,,,1,,,1,,,1,,1,,,,1,,,1,,1,,,,1,,,1,,,1,,1,,6,6,4,4,6,2,6,5
42891976,94.9.153.182,12/8/2015 13:45,DESKTOP/LAPTOP: Windows (other),726,Complete,1,,,,GB,J8,,http://www.questionpro.com//userimages/sub-3/2618468/4367714/44267038/42891976-Anonymous-CV.doc,,2,1,6,5,"Lincoln, Lincoln, Lincoln, UK (Longitude : -0.540579, Latitude : 53.230688)",1,2,6.5,40,2,,4,4,5,5,5,5,5,5,4,4,4,3,1,4,1,4,4,4,5,4,1,1,2,6,6,6,6,6,,1,,1,,,1,,,,1,,1,,,,1,,1,,,,1,,,1,,1,,,,1,,,1,,,1,,1,,,1,,,1,,,1,,,,1,,1,,,,1,,,1,,1,,,,1,,1,,,,1,,1,,,1,,,,1,,,1,,1,,,,1,,1,,,1,,,,1,,,1,,,1,,,1,,,1,,1,,,,1,,1,,,1,,,1,,,1,,,,1,,1,,,1,,,1,,,,1,,,1,,,1,,,1,,1,,,,1,,,1,,1,,,,1,,,1,,,1,,1,,5,6,6,5,5,6,6,5
42905227,173.67.133.69,12/8/2015 15:54,DESKTOP/LAPTOP: Mac,564,Complete,1,,,,US,PA,,http://www.questionpro.com//userimages/sub-3/2618468/4367714/44267038/42905227-Connor-Jackson-resume.doc,,1,1,4,2,"Mechanicsburg, Mechanicsburg, PA, USA (Longitude : -77.0085876, Latitude : 40.2142565)",8,3,1,40,2,,4,5,4,4,4,5,4,5,5,5,5,5,4,3,2,2,3,3,5,5,2,3,2,7,7,7,7,7,,1,,1,,,1,,,,1,,1,,,,1,,1,,,,1,,,1,,1,,,,1,,,1,,,1,,1,,,1,,,,1,,,1,,1,,,1,,,1,,,,1,,1,,,1,,,1,,,1,,,1,,,1,,,1,,,,1,,,1,,,1,,1,,,1,,,,1,,,1,,1,,,,1,,,1,,1,,,,1,,,1,,,1,,1,,,1,,,,1,,1,,,1,,,1,,,,1,,1,,,1,,,,1,,1,,,,1,,,1,,1,,,,1,,1,,,,1,,1,,6,7,7,7,7,6,6,7
42905389,70.190.118.193,12/8/2015 15:56,DESKTOP/LAPTOP: Windows 8,534,Complete,1,,,,US,AZ,,http://www.questionpro.com//userimages/sub-3/2618468/4367714/44267038/42905389-Resume-for-Academic-Study.docx,,2,1,6,5,"Scottsdale, Scottsdale, AZ, USA (Longitude : -111.9260519, Latitude : 33.4941704)",17,2,3,40,2,,3,2,3,2,2,2,3,2,3,2,2,2,1,1,1,1,1,1,1,1,1,1,1,4,4,5,4,4,,1,,1,,,1,,,,1,,1,,,,1,,1,,,,1,,,1,,1,,,,1,,,1,,1,,,1,,,1,,,1,,,1,,,,1,,,1,,1,,,,1,,1,,,,1,,1,,,,1,,1,,,1,,,1,,,,1,,,1,,,1,,1,,,1,,,,1,,,1,,,1,,,1,,,1,,1,,,,1,,1,,,,1,,1,,,1,,,,1,,,1,,1,,,1,,,,1,,1,,,,1,,,1,,1,,,1,,,,1,,1,,,,1,,,1,,,1,,1,,5,5,4,6,6,5,6,5
42911760,129.176.197.220,12/8/2015 17:08,DESKTOP/LAPTOP: Windows (other),654,Complete,1,,,,US,MN,,http://www.questionpro.com//userimages/sub-3/2618468/4367714/44267038/42911760-resume---Copy.docx,,1,1,6,5,"Minneapolis, Minneapolis, MN, USA (Longitude : -93.2650108, Latitude : 44.977753)",8,4,1,40,2,,4,3,3,4,3,3,4,3,3,3,4,4,3,3,4,4,4,4,6,6,6,6,5,4,4,5,4,3,,1,,1,,,1,,,,1,,1,,,,1,,1,,,,1,,,1,,1,,,,1,,,1,,,1,,1,,,1,,,1,,,1,,,,1,,,1,,1,,,,1,,1,,,,1,,1,,,,1,,1,,,1,,,1,,,,1,,,1,,,1,,1,,,1,,,,1,,,1,,1,,,1,,,,1,,1,,,,1,,1,,,,1,,1,,,1,,,,1,,1,,,1,,,1,,,,1,,,1,,1,,,,1,,1,,,,1,,,1,,1,,,,1,,,1,,,1,,1,,6,5,6,5,6,5,6,5
42914798,128.186.188.147,12/8/2015 17:43,DESKTOP/LAPTOP: Windows (other),414,Complete,1,,,,US,FL,,http://www.questionpro.com//userimages/sub-3/2618468/4367714/44267038/42914798-Anon-Resume.docx,,1,2,6,5,"Tallahassee, Tallahassee, FL, USA (Longitude : -84.2807329, Latitude : 30.4382559)",4,3,1.5,70,2,,5,4,5,4,4,3,5,2,4,4,3,4,5,1,1,1,1,1,1,1,2,1,2,7,7,3,7,1,,1,,1,,,1,,,,1,,1,,,,1,,1,,,,1,,,1,,1,,,,1,,,1,,,1,,1,,,1,,,1,,,1,,,1,,,1,,,1,,,,1,,1,,,1,,,1,,,1,,,1,,,1,,,,1,,,1,,,1,,,1,,1,,,1,,,,1,,,1,,1,,,,,,,1,,1,,,,1,,1,,,1,,,1,,,1,,,,1,,1,,,1,,,1,,,,1,,,1,,,1,,,1,,1,,,,1,,,1,,1,,,,1,,1,,,,1,,1,,7,6,6,7,7,5,7,7
42924655,73.40.253.17,12/8/2015 19:46,DESKTOP/LAPTOP: Windows (other),557,Complete,1,,,,US,PA,,http://www.questionpro.com//userimages/sub-3/2618468/4367714/44267038/42924655-Blank-Resume.doc,,2,1,6,1,"Pittsburgh, Pittsburgh, PA, USA (Longitude : -79.9958864, Latitude : 40.4406248)",11,2,0,40,1,,3,3,3,3,3,1,5,3,4,4,2,2,2,1,1,1,1,1,1,1,1,5,7,7,7,7,6,5,,1,,1,,,,,,,1,,1,,,,1,,1,,,,1,,1,1,,1,,,,1,,,1,,,,,,,,1,,,1,,,,,,,,,,,,1,,,,1,,,,,,,,,,,,,,1,,,1,,,1,,,,,,,,,,,,,,,,,,,,,,1,,,,,,,,,,,1,,,,,,,,,,,,,,,1,,,,1,,,,,1,,,,,,,,,,,,,,,,1,,1,,,,1,,,1,,1,,,,,,,,,,1,,1,,7,7,7,6,6,5,6,6
42928634,180.191.134.16,12/8/2015 20:35,DESKTOP/LAPTOP: Windows (other),1729,Complete,1,,,,PH,,,http://www.questionpro.com//userimages/sub-3/2618468/4367714/44267038/42928634-resume.doc,,2,2,3,3,"Malitlit, Malitlit, Santa Rosa, Laguna, Philippines (Longitude : 121.099429, Latitude : 14.265397)",10,2,1,48,2,,3,4,5,5,5,2,2,1,4,3,5,2,4,2,2,2,3,3,1,1,2,3,1,6,6,5,6,6,,1,,1,,,1,,,,1,,1,,,,1,,1,,,,1,,,1,,1,,,,1,,,1,,,1,,1,,,1,,,1,,,1,,,,1,,,1,,1,,,,1,,1,,,,1,,1,,,,1,,1,,,1,,,1,,,,1,,1,,,1,,,1,,,,1,,,1,,,1,,,1,,1,,,,1,,1,,,,1,,1,,,,1,,1,,,1,,,,1,,,1,,1,,,1,,,,1,,1,,,,1,,,1,,1,,,1,,,,1,,1,,,,1,,,1,,,1,,1,,7,6,6,6,7,6,5,6
42940865,94.224.154.36,12/8/2015 22:58,DESKTOP/LAPTOP: Windows (other),645,Complete,1,,,,BE,12,,http://www.questionpro.com//userimages/sub-3/2618468/4367714/44267038/42940865-Resume.docx,,2,1,6,6,"Leuven, Leuven, Belgium (Longitude : 4.7005176, Latitude : 50.8798438)",10,4,2,38,2,,4,3,5,5,5,5,5,4,4,4,5,5,4,2,1,4,2,2,4,2,1,1,5,7,7,6,3,4,,1,,1,,,1,,,,1,,1,,,,1,,1,,,,1,,,1,,1,,,,1,,,1,,1,,,1,,,1,,,1,,,1,,,1,,,1,,,1,,,,1,,1,,,,1,,1,,,,1,,1,,,1,,,,1,,,1,,1,,,,1,,1,,,,1,,,1,,,1,,1,,,,1,,,1,,1,,,,1,,1,,,,1,,1,,,1,,,,1,,1,,,1,,,1,,,,1,,,1,,,1,,,1,,1,,,,1,,,1,,1,,,,1,,,1,,,1,,1,,6,5,3,6,6,5,6,3
42949518,115.178.211.231,12/9/2015 0:36,DESKTOP/LAPTOP: Windows (other),2206,Complete,1,,,,ID,4,,http://www.questionpro.com//userimages/sub-3/2618468/4367714/44267038/42949518-CV.doc,,2,1,3,5,"Jalan Sukajadi, Jl. Sukajadi, Kota Bandung, Jawa Barat, Indonesia (Longitude : 107.5964893, Latitude : -6.8853147)",11,14,2,40,1,,4,4,4,4,5,2,3,3,4,4,3,2,4,4,2,1,3,3,3,3,3,3,2,5,5,5,3,3,,1,,,,,,1,,1,,,1,1,,,1,,1,,,,1,,1,1,,,,,1,1,,,1,,1,1,,1,,,1,1,,,,,1,,,1,,,,,,1,,,,,,1,,,1,,,1,,,1,,,1,,,1,,,,1,,,1,,1,,,,1,,1,,,,1,,,1,,,1,,,1,,,1,,,1,,1,,,,1,,,1,,1,,,,1,,,1,,,1,,,1,,1,,,1,,,1,,,1,,,,1,,,1,,1,,,1,,,,1,,1,,,1,,,,1,,,1,,1,,6,5,4,6,6,4,5,7
42952225,59.99.132.115,12/9/2015 1:02,DESKTOP/LAPTOP: Windows (other),1313,Complete,1,,,,IN,,,http://www.questionpro.com//userimages/sub-3/2618468/4367714/44267038/42952225-RAM.doc,,2,1,3,5,"Salem, Salem, Tamil Nadu, India (Longitude : 78.1460142, Latitude : 11.664325)",5,5,4,48,2,,4,5,4,4,4,4,4,4,5,4,4,4,4,3,4,4,3,4,5,6,5,6,6,5,6,6,5,6,,1,,1,,,,1,,,1,,1,,,1,,,,1,,1,,,,1,,1,,,,1,,1,,,1,,,1,,,1,,,1,,,1,,,,1,,,1,,,1,,,1,,1,,,1,,,,1,,,1,,,1,,1,,,,1,,,1,,,1,,,1,,,1,,,1,,1,,,1,,,1,,,1,,,,1,,,1,,,1,,,1,,,1,,,1,,,1,,,1,,1,,,1,,,1,,,,1,,,1,,,1,,,1,,,1,,,1,,,1,,,1,,,1,,,1,,,1,,,1,6,6,5,6,6,5,6,6
42957645,2.235.136.79,12/9/2015 1:58,DESKTOP/LAPTOP: Windows 8,1271,Complete,1,,,,IT,9,,http://www.questionpro.com//userimages/sub-3/2618468/4367714/44267038/42957645-CV_anonymous.doc,,2,1,6,6,"Seregno, Seregno MB, Italy (Longitude : 9.2051608, Latitude : 45.6504567)",3,2,1,45,2,,5,4,4,5,5,3,5,5,4,4,3,4,5,3,1,2,2,2,1,1,1,2,5,6,6,3,5,3,,1,,1,,,1,,,,1,,1,,,,1,,1,,,,1,,,1,,1,,,,1,,,1,,,1,,1,,,1,,,,1,,1,,,,1,,,1,,1,,,,1,,1,,,,1,,1,,,,1,,1,,,1,,,1,,,1,,,1,,,,1,,1,,,1,,,,1,,,1,,,1,,,1,,,1,,1,,,,1,,1,,,1,,,1,,,1,,,,1,,,,,1,,,1,,,,1,,,1,,,1,,,1,,1,,,1,,,1,,,1,,,,1,,,1,,,1,,1,,7,6,6,6,7,7,6,7
42967242,94.26.21.51,12/9/2015 3:46,SMARTPHONE: Android,1823,Complete,1,,,,BG,42,,,,2,1,6,5,"Sofia, Sofia, Bulgaria (Longitude : 23.3218675, Latitude : 42.6977082)",17,2,1,35,1,,2,2,4,4,3,1,3,2,5,4,4,2,1,2,1,2,3,1,3,4,3,5,6,5,6,2,6,6,,1,,1,,,1,,,,1,,1,,,,1,,1,,,,1,,,1,,1,,,,1,,,1,,,1,,1,,,1,,,,1,,1,,,,1,,1,,,1,,,,1,,1,,,1,,,1,,,,1,,1,,,1,,,,1,,,1,,,1,,,1,,1,,,1,,,,1,,,1,,,,,,1,,,1,,1,,,,1,,,1,,1,,,1,,,1,,,,1,,,1,,1,,,1,,,1,,,1,,,,1,,,1,,1,,,,1,,,1,,1,,,1,,,1,,,,1,,1,,7,5,3,7,6,5,6,5
42967750,89.201.163.75,12/9/2015 3:51,DESKTOP/LAPTOP: Windows (other),1141,Complete,1,,,,HR,,,http://www.questionpro.com//userimages/sub-3/2618468/4367714/44267038/42967750-Plain-text.docx,,1,2,6,1,"Koprivnica, Koprivnica, Croatia (Longitude : 16.8334752, Latitude : 46.1639381)",6,3,2,48,1,,4,3,5,5,4,5,5,5,5,5,4,4,5,4,2,2,2,2,5,1,5,5,1,7,6,6,6,5,,1,,1,,,1,,,,1,,1,,,,1,,1,,,,1,,,1,,1,,,,1,,,1,,,1,,1,,,1,,,,1,,1,,,,1,,1,,,,1,,,1,,1,,,,1,,,1,,1,,,,1,,1,,,,1,,,1,,1,,,,1,,1,,,1,,,,1,,,1,,,1,,1,,,1,,,1,,,,1,,,1,,,1,,1,,,1,,,1,,,,1,,1,,,1,,,1,,,,1,,1,,,,1,,1,,,,1,,,1,,1,,,1,,,,1,,,1,,1,,5,5,6,4,4,4,5,6
42974208,190.46.29.205,12/9/2015 4:57,DESKTOP/LAPTOP: Windows (other),797,Complete,1,,,,CL,1,,http://www.questionpro.com//userimages/sub-3/2618468/4367714/44267038/42974208-resume.docx,,1,2,6,5,"Viña del Mar, Viña del Mar, Viña del Mar, Valparaiso, Chile (Longitude : -71.5500276, Latitude : -33.0153481)",4,2,1,40,1,,5,5,5,5,5,2,5,5,5,5,5,5,2,1,1,1,1,2,2,2,4,4,7,7,7,7,6,5,,1,,1,,,1,,,,1,,1,,,,1,,1,,,,1,,,1,,1,,,,1,,,1,,,1,,1,,,1,,,1,,,1,,,,1,,1,,,1,,,,1,,1,,,,1,,1,,,,1,,1,,,1,,,,1,,,1,,1,,,,1,,1,,,1,,,,1,,,1,,,1,,,1,,,1,,1,,,,1,,1,,,1,,,1,,,1,,,,1,,1,,,1,,,1,,,,1,,,1,,,,,,1,,1,,,,1,,,1,,,1,,1,,,1,,,,1,,1,,7,7,7,7,7,5,7,7
42993113,76.76.189.39,12/9/2015 7:46,DESKTOP/LAPTOP: Windows (other),1264,Complete,1,,,,LC,3,,http://www.questionpro.com//userimages/sub-3/2618468/4367714/44267038/42993113-Resume.doc,,2,1,4,1,"Babonneau, Babonneau, Saint Lucia (Longitude : -60.9394611, Latitude : 14.010385)",7,2,6,56,1,,3,4,2,3,3,2,2,2,2,3,4,4,1,1,1,2,2,2,2,2,2,2,3,6,6,3,7,7,,1,,1,,,,1,,,1,,,1,,,1,,1,,,,1,,,1,,1,,,,1,,,1,,,1,,1,,,1,,,1,,,1,,,,1,,1,,,1,,,1,,,1,,,1,,,,1,,,1,,1,,,1,,,,1,,1,,,1,,,1,,,1,,,1,,,,1,,,1,,,1,,1,,,,1,,,1,,,1,,1,,,1,,,,1,,1,,,,1,,1,,,1,,,1,,,1,,,,1,,1,,,,1,,1,,,,1,,,1,,1,,,,1,,1,,,,1,,1,,5,5,5,6,7,6,6,5
43000160,37.60.131.61,12/9/2015 8:51,DESKTOP/LAPTOP: Windows (other),1861,Complete,1,,,,HR,21,,http://www.questionpro.com//userimages/sub-3/2618468/4367714/44267038/43000160-CV.doc,,2,1,6,6,"Rešetari, Rešetari, Croatia (Longitude : 17.4234006, Latitude : 45.2631218)",17,4,0.5,40,1,,5,4,5,5,4,2,3,4,4,4,3,3,5,2,1,2,3,3,1,1,1,1,2,7,7,6,7,5,,1,,1,,,1,,,,1,,1,,,,1,,1,,,,1,,,1,,1,,,,1,,,1,,,1,,1,,,1,,,1,,,1,,,1,,,1,,,1,,,1,,,1,,,,1,,1,,,1,,,1,,,1,,,,1,,1,,,1,,,1,,,1,,,1,,,,1,,,1,,,1,,1,,,,1,,1,,,,1,,,1,,,1,,1,,,1,,,,1,,1,,,1,,,1,,,,1,,,1,,1,,,,1,,1,,,,1,,,1,,1,,,,1,,,1,,,1,,1,,6,5,7,7,6,6,6,7
43023420,5.107.133.247,12/9/2015 12:01,DESKTOP/LAPTOP: Windows (other),1214,Complete,1,,,,AE,6,,http://www.questionpro.com//userimages/sub-3/2618468/4367714/44267038/43023420-Mo---CV.Txt,,2,1,1,5,"Dubai, Dubai - Dubai - United Arab Emirates (Longitude : 55.2707828, Latitude : 25.2048493)",10,3,1,48,2,,4,3,5,5,4,4,4,5,5,4,3,4,3,3,1,3,2,1,2,2,3,3,2,4,4,3,4,4,,1,,1,,,1,,,,1,,,,,1,,,,,,,,,,1,,1,,,1,1,,,1,,,,,,,,1,,,,,,,,,,,,,,,1,1,,,,,,,,1,,,,,,,,,,,,,,,,,,,,,,,,,,,,,,,,,,,,,,,,,,,,,,,,,,,,,,,,,,,,,,,1,,,,,,,,,1,1,,,,,,,,,,,,,,,1,,,,,,,,1,1,,1,,,,,,,,,,1,,1,,5,4,4,7,7,6,7,4
43024731,31.205.115.134,12/9/2015 12:14,DESKTOP/LAPTOP: Mac,602,Complete,1,,,,GB,H9,,http://www.questionpro.com//userimages/sub-3/2618468/4367714/44267038/43024731-Personal-CV.docx,,1,1,6,5,"Birmingham, Birmingham, West Midlands, UK (Longitude : -1.890401, Latitude : 52.486243)",11,4,2,40,2,,2,2,4,2,2,3,2,3,3,3,4,3,3,5,4,4,4,4,6,5,5,5,6,7,7,7,7,7,,1,,1,,,1,,,,1,,1,,,,1,,1,,,,1,,1,,,1,,,,1,,,1,,,1,,1,,,1,,,,1,,1,,,1,,,,1,,1,,,,1,,1,,,1,,,1,,,,1,,1,,,1,,,,1,,,1,,1,,,,1,,,1,,1,,,,1,,,1,,,1,,,1,,,1,,1,,,,1,,1,,,1,,,1,,,1,,,,1,,,1,,1,,,1,,,,1,,1,,,,1,,,1,,1,,,,1,,,1,,1,,,,1,,,1,,,1,,1,,5,6,6,6,5,3,5,3
43040916,86.18.144.13,12/9/2015 14:39,DESKTOP/LAPTOP: Windows 8,737,Complete,1,,,,GB,G8,,http://www.questionpro.com//userimages/sub-3/2618468/4367714/44267038/43040916-CV.doc,,1,2,6,2,"Huddersfield, Huddersfield, West Yorkshire, UK (Longitude : -1.785035, Latitude : 53.645792)",13,1,3,30,1,,3,2,1,3,3,2,2,2,5,5,4,3,1,1,2,4,1,1,1,1,1,1,1,7,7,1,1,1,,1,,1,,,1,,,,1,,1,,,,1,,1,,,,1,,,1,,1,,,,1,,,1,,,1,,1,,,1,,,1,,,1,,,,1,,1,,,1,,,,1,,,1,,,1,,1,,,,1,,1,,,1,,,,1,,,1,,1,,,1,,,1,,,1,,,,1,,,1,,,1,,,1,,,1,,1,,,,1,,1,,,1,,,1,,,1,,,,1,,1,,,1,,,1,,,,1,,1,,,,1,,,1,,1,,,,1,,,1,,1,,,,1,,,1,,,1,,1,,2,2,2,5,5,5,3,6
43044303,151.45.148.23,12/9/2015 15:14,DESKTOP/LAPTOP: Windows (other),978,Complete,1,,,,IT,13,,http://www.questionpro.com//userimages/sub-3/2618468/4367714/44267038/43044303-resume.doc,,2,1,6,5,"Taranto, Taranto TA, Italia (Longitude : 17.2470303, Latitude : 40.4643606)",10,3,3,45,2,,4,3,3,4,3,4,3,2,2,2,2,2,3,1,1,1,1,2,2,2,1,3,2,6,6,4,5,4,,1,,1,,,1,,,,1,,1,,,,1,,1,,,1,,,1,,,1,,,,1,,,1,,,1,,1,,,1,,,1,,,1,,,,1,,,1,,1,,,,1,,1,,,1,,,1,,,1,,,,1,,1,,,1,,,,1,,1,,,1,,,1,,,,1,,,1,,,1,,,1,,,1,,,1,,1,,,,1,,1,,,,1,,1,,,1,,,,1,,,1,,1,,,1,,,,1,,,1,,,1,,,1,,1,,,,1,,,1,,1,,,,1,,,1,,,1,,1,,5,4,3,3,4,4,5,5
43074509,151.66.37.235,12/9/2015 19:26,DESKTOP/LAPTOP: Mac,946,Complete,1,,,,IT,9,,http://www.questionpro.com//userimages/sub-3/2618468/4367714/44267038/43074509-CV-Europass-20151012nologo-Caiazza-IT-1.pdf,,3,1,6,2,"Samarate, Samarate VA, Italy (Longitude : 8.7870324, Latitude : 45.6260364)",1,2,1,40,1,,5,3,4,5,4,4,4,3,3,3,4,3,3,4,2,3,3,4,2,2,1,3,1,7,6,7,6,5,,1,,1,,,1,,,,1,,1,,,,1,,1,,,,1,,,1,,1,,,,1,,,1,,,1,,1,,,1,,,,1,,1,,,1,,,1,,,1,,,,1,,1,,,,1,,1,,,,1,,1,,,1,,,1,,,1,,,,1,,1,,,1,,,1,,,,1,,,1,,1,,,,1,,,1,,1,,,,1,,1,,,1,,,1,,,1,,,,1,,,1,,1,,,1,,,,1,,1,,,,1,,,1,,1,,,,1,,,1,,1,,,,1,,,1,,,1,,1,,6,6,5,6,6,5,6,6
43075329,80.5.147.217,12/9/2015 19:33,DESKTOP/LAPTOP: Windows (other),492,Complete,1,,,,GB,H4,,http://www.questionpro.com//userimages/sub-3/2618468/4367714/44267038/43075329-details.txt,,1,1,6,2,"Peterborough, Peterborough, Peterborough, UK (Longitude : -0.2405299, Latitude : 52.5694985)",17,2,3,40,2,,3,3,3,3,3,3,3,3,3,3,3,3,3,3,3,3,4,3,5,4,5,5,4,4,5,4,6,7,1,,,,1,,,1,,,1,,1,,,,1,,1,,,,1,,,1,,1,,,,,,,,,1,,,1,,,1,,,1,,,,1,,,1,,1,,,1,,,,1,,,1,,1,,,1,,,,1,,1,,,1,,,,1,,,1,,1,,,1,,,,1,,1,,,,1,,,1,,,1,,1,,,,1,,,1,,,1,,,1,,1,,,1,,,,1,,,1,,1,,,1,,,,1,,1,,,1,,,1,,,,1,,,1,,,1,,,1,,1,,,1,,,1,,,1,,,1,,4,4,5,3,5,7,1,2
43093415,112.198.103.190,12/9/2015 22:40,DESKTOP/LAPTOP: Windows (other),626,Complete,1,,,,PH,,,http://www.questionpro.com//userimages/sub-3/2618468/4367714/44267038/43093415-Resume.docx,,3,2,3,5,"Bacoor, Bacoor, Cavite, Philippines (Longitude : 120.9736786, Latitude : 14.4129931)",3,4,6,40,1,,4,3,4,3,5,5,5,5,5,5,3,4,4,2,1,1,1,1,5,5,5,5,4,5,5,6,5,5,,1,,1,,,1,,,,1,,,1,,,1,,1,,,,1,,,1,,1,,,,1,,,1,,,1,,1,,,1,,,,1,,1,,,,1,,1,,,,1,,,1,,1,,,,1,,1,,,,1,,1,,,1,,,1,,,,1,,1,,,,1,,1,,,1,,,,1,,,1,,,1,,,,,,1,,,1,,,1,,1,,,1,,,1,,,1,,,,1,,,1,,1,,,,1,,1,,,1,,,,1,,,1,,1,,,,1,,,1,,1,,,1,,,1,,,,1,,1,,7,6,6,6,5,6,7,7
43106763,115.72.222.86,12/10/2015 1:32,DESKTOP/LAPTOP: Windows (other),2628,Complete,1,,,,VN,20,,http://www.questionpro.com//userimages/sub-3/2618468/4367714/44267038/43106763-New-Microsoft-Word-Document-10.doc,,2,1,3,8,"Hồ Chí Minh, Hồ Chí Minh, Hồ Chí Minh, Việt Nam (Longitude : 106.6296638, Latitude : 10.8230989)",8,7,4,48,1,,2,3,3,4,2,3,4,3,2,2,3,3,4,4,3,5,4,3,2,3,4,3,3,5,6,5,5,6,,1,,1,,,1,,,,1,,,1,,,1,,1,,,,1,,,1,,1,,,,1,,,1,,,1,,,,1,,,1,1,,,1,,,,1,,,1,,1,,,,1,,1,,,,1,,1,,,,1,,1,,,1,,,1,,,,1,,1,,,,,1,1,,,,,1,,1,,,,1,,1,,1,,,,1,,1,,,,1,,1,,,,1,,,,1,1,,,,1,,,,1,1,,,1,,,,1,,1,,,,1,,,1,,1,,,1,,,,1,,,,1,,1,,,1,,,1,,1,,5,6,3,3,2,7,3,2
43108714,49.249.199.103,12/10/2015 1:54,DESKTOP/LAPTOP: Windows (other),1431,Complete,1,,,,IN,10,,http://www.questionpro.com//userimages/sub-3/2618468/4367714/44267038/43108714-My-Resume.docx,,2,1,3,7,"Dehradun, Dehradun, Uttarakhand, India (Longitude : 78.0321918, Latitude : 30.3164945)",3,14,2.5,36,1,,4,4,3,3,2,2,2,4,4,4,3,3,4,2,2,2,2,1,1,1,1,4,1,6,6,4,6,6,,1,,1,,,1,,,,1,,,,,,1,,1,,,,1,,,1,,1,,,,1,,,1,,,1,,1,,,1,,,1,,,1,,,,,,1,,,1,,,,1,,1,,,1,,,,1,,,1,,1,,,1,,,,1,,,1,,1,,,,1,,1,,,1,,,,1,,1,,,,1,,,1,,,1,,1,,,,1,,1,,,1,,,1,,,1,,,,1,,,,,1,,,1,,,,1,,,1,,,1,,,1,,1,,,,,,,1,,1,,,,,,,,,,1,,1,,5,4,2,5,6,3,6,5
43114487,42.114.35.177,12/10/2015 3:06,DESKTOP/LAPTOP: Windows (other),2400,Complete,1,,,,VN,44,,http://www.questionpro.com//userimages/sub-3/2618468/4367714/44267038/43114487-New-Text-Document.txt,,2,1,3,6,"Thạch Thất, Thạch Thất, Hà Nội, Việt Nam (Longitude : 105.5251894, Latitude : 20.9905234)",11,8,8,56,1,,4,5,4,4,1,2,3,1,4,5,2,2,4,1,2,4,2,1,3,2,1,1,1,7,7,1,7,6,,1,,1,,,1,,,1,,,1,,1,,1,,,,1,,1,,,1,,1,,,,1,,,1,,,1,,,,,1,,,1,,,1,,,,1,,,1,,1,,,,1,,1,,,,1,,1,,,,1,,1,,,1,,,1,,,,1,,1,,,,,1,1,,,,,1,,1,,,,1,,1,,1,,,,1,,1,,,,1,,1,,,,1,,,,1,1,,,,1,,,,1,1,,,1,,,,1,,1,,,,1,,,1,,1,,,1,,,,1,,,,1,,1,,,1,,,1,,1,,6,7,6,6,7,5,5,3
43116932,105.112.19.125,12/10/2015 3:32,DESKTOP/LAPTOP: Windows 8,1791,Complete,1,,,,NG,,,http://www.questionpro.com//userimages/sub-3/2618468/4367714/44267038/43116932-Curriculum-Vitea.docx,,3,1,7,5,"New York, New York, NY, USA (Longitude : -74.0059413, Latitude : 40.7127837)",10,7,13,54,1,,5,5,5,5,5,5,5,5,5,5,5,5,5,1,1,1,1,1,7,7,7,7,7,7,7,7,7,7,,1,,1,,,1,,,,1,,,1,,,1,,1,,,1,,,,1,,1,,,,1,,,1,,,1,,1,,,1,,,,1,,1,,,1,,,1,,,1,,,,1,,1,,,1,,,1,,,1,,,1,,,1,,,,1,,,1,,1,,,,1,,1,,,1,,,,1,,,1,,,1,,,1,,,1,,,1,,,1,,1,,,,1,,1,,,1,,,,1,,,1,,1,,,1,,,,1,,,1,,1,,,,1,,1,,,,1,,,1,,1,,,,1,,1,,,,1,,1,,7,7,7,7,7,7,7,7
43119439,82.154.80.85,12/10/2015 4:02,DESKTOP/LAPTOP: Windows (other),997,Complete,1,,,,PT,,,http://www.questionpro.com//userimages/sub-3/2618468/4367714/44267038/43119439-Resume.txt,,2,1,1,6,"Ponta Delgada, Ponta Delgada, Portugal (Longitude : -25.6805868, Latitude : 37.7428301)",4,14,1,40,1,,5,5,5,3,5,5,5,5,5,3,5,5,4,4,3,2,1,1,1,1,1,2,2,4,3,1,5,4,,1,,1,,,,1,,,1,,1,,,,1,,1,,,1,,,1,,,1,,,,1,,,1,,,1,,1,,,1,,,1,,,1,,,,1,,1,,,1,,,,1,,1,,,,1,,,1,,1,,,1,,,1,,,,1,,,1,,,1,,1,,,1,,,1,,,,1,,,1,,,1,,,1,,,1,,1,,,,1,,1,,,,1,,1,,,1,,,,1,,,1,,1,,,1,,,,1,,1,,,,1,,,1,,1,,,,1,,,1,,1,,,1,,,,1,,,1,,1,,7,7,7,7,7,7,7,7
43130110,194.176.105.139,12/10/2015 5:28,DESKTOP/LAPTOP: Windows (other),765,Complete,1,,,,GB,,,http://www.questionpro.com//userimages/sub-3/2618468/4367714/44267038/43130110-Anonymised-CV-10.12.2015.doc,,3,1,6,8,"Sutton, Sutton, Greater London, UK (Longitude : -0.193961, Latitude : 51.3614279)",8,3,13,37.5,4,,3,3,4,4,3,3,4,4,5,4,4,4,5,2,1,2,4,2,5,5,2,2,5,7,7,4,3,4,,1,,1,,,1,,,,1,,1,,,,1,,1,,,,1,,,1,,1,,,,1,,,1,,,1,,1,,,1,,,1,,,1,,,,1,,,1,,1,,,,1,,1,,,,1,,1,,,,1,,,1,,1,,,1,,,,1,,1,,,,1,,1,,,,1,,,1,,,1,,,1,,,1,,,1,,1,,,,1,,1,,,,1,,1,,,1,,,,1,,,1,,1,,,1,,,,1,,1,,,,1,,,1,,1,,,1,,,,1,,1,,,,1,,,1,,,1,,1,,5,5,3,5,5,4,6,6
43153649,183.80.212.211,12/10/2015 8:32,DESKTOP/LAPTOP: Windows (other),603,Complete,1,,,,VN,44,,http://www.questionpro.com//userimages/sub-3/2618468/4367714/44267038/43153649-IMG_0161.JPG,,2,1,3,8,"tp. Huế, tp. Huế, Thừa Thiên Huế, Việt Nam (Longitude : 107.5623501, Latitude : 16.4498)",17,7,2,56,6,,4,3,4,4,3,3,3,3,4,4,4,4,4,3,3,2,4,3,4,5,5,6,6,6,6,5,6,5,,1,,1,,,1,,,,1,,1,,,,1,,1,,,,1,,1,,,1,,,,1,,,1,,,1,,,1,,1,,,1,,,1,,,1,,,,1,,,,1,,,1,,,,,1,,,1,,,1,,1,,,1,,,1,,,1,,,1,,,1,,,,1,,,1,,1,,,,1,,,1,,1,,,1,,,1,,,,1,,1,,,,1,,1,,,,1,,1,,,1,,,1,,,1,,,1,,,1,,,,1,,,1,,1,,,1,,,,,,1,,,,1,,,1,,,1,,1,,7,7,7,6,6,5,6,6
43155497,192.167.90.137,12/10/2015 8:46,DESKTOP/LAPTOP: Windows 8,1188,Complete,1,,,,IT,16,,http://www.questionpro.com//userimages/sub-3/2618468/4367714/44267038/43155497-CV-english.docx,,2,1,6,6,"Florence, Florence, Italy (Longitude : 11.2558136, Latitude : 43.7695604)",4,2,2,40,2,,4,4,5,4,3,3,5,5,5,5,5,5,4,3,3,2,4,4,2,2,1,1,1,5,6,1,7,7,1,,,1,,,,1,,,1,,,1,,,1,,1,,,,1,,1,,,1,,,,1,,,1,,,1,,1,,,1,,,1,,,1,,,,1,,,,,1,,,,1,,1,,,1,,,1,,,,,,,1,,1,,,,,,,,,,,,,,,,,,1,,,,1,,,1,,,1,,,,,,1,,,1,,,,,1,,,,,,,,,1,,,,,,,,,1,,,1,,,,,,,1,,,1,,,1,,1,,,1,,,,1,,1,,,1,,,,1,,,1,,1,,6,5,6,6,6,6,6,6
43175826,156.40.216.2,12/10/2015 11:38,DESKTOP/LAPTOP: Windows (other),498,Complete,1,,,,US,MD,,http://www.questionpro.com//userimages/sub-3/2618468/4367714/44267038/43175826-Resume.docx,,2,1,6,5,"Rockville, Rockville, MD, USA (Longitude : -77.1527578, Latitude : 39.0839973)",10,3,2,45,3,,5,5,5,5,5,5,5,5,5,4,4,5,5,1,1,1,2,1,4,4,4,7,5,7,7,7,7,7,,1,,1,,,1,,,,1,,1,,,,1,,1,,,,1,,,1,,1,,,,1,,,1,,,1,,,1,,1,,,,1,,1,,,1,,,1,,,1,1,,,1,,1,,,,1,,,1,,,1,,1,,,1,,,,1,,1,,,1,,,1,,,1,,,1,,,,1,,,1,,,1,,,1,,,1,,,1,,,1,,1,,,1,,,1,,,1,,,,1,,,1,,1,,,1,,,1,,,1,,,,1,,,1,,1,,,,1,,,1,,1,,,,1,,1,,,,1,,1,,7,7,7,7,7,7,7,7
43179920,81.156.91.172,12/10/2015 12:13,DESKTOP/LAPTOP: Windows 8,189,Complete,1,,,,GB,H7,,http://www.questionpro.com//userimages/sub-3/2618468/4367714/44267038/43179920-CChP0-1WYAA4qCT.jpg,,3,1,6,5,"LN5, Lincoln LN5, UK (Longitude : -0.5747437, Latitude : 53.1090204)",4,6,15,36,4,,1,1,1,1,1,1,1,1,1,1,1,1,1,1,1,1,1,1,7,7,7,7,7,7,7,7,7,7,1,,1,,,,,,1,,,1,,,1,,,,,1,,,,,,,,1,,,,,,1,,,,1,,,,,,1,,,,1,,,,,,,,,,,,,,,,,,,1,,,,,,,1,,,,,,,,,1,,,,,,,,,,,,,,,,,,,,,,,,,,,,,,,,,,,,,,,,,,,,,,,,,,,,,,,,,,,,,,,,,,,,,,,,,,,,,,,,,,,,,,,,,,,,,,,,,6,6,5,4,3,4,3,5
43192655,146.198.143.98,12/10/2015 14:10,DESKTOP/LAPTOP: Windows (other),931,Complete,1,,,,GB,H9,,http://www.questionpro.com//userimages/sub-3/2618468/4367714/44267038/43192655-CV-Study.doc,,2,2,4,5,"London, London, UK (Longitude : -0.1277583, Latitude : 51.5073509)",8,2,1,37.5,2,,4,4,5,5,5,3,5,3,4,4,2,1,1,2,1,1,2,1,2,2,5,5,1,7,7,6,7,7,,1,,1,,,1,,,,1,,1,,,,1,,1,,,,1,,,1,,1,,,,1,,,1,,,1,,1,,,1,,,1,,,1,,,,1,,,1,,1,,,,1,,1,,,,1,,1,,,,1,,1,,,1,,,1,,,,1,,1,,,1,,,1,,,,1,,,1,,,1,,,1,,1,,,,1,,1,,,,1,,1,,,,1,,1,,,1,,,,1,,,1,,1,,,1,,,,1,,1,,,,1,,,1,,1,,,1,,,,1,,1,,,,1,,,1,,,1,,1,,7,5,6,7,7,6,5,6
43193897,68.39.2.167,12/10/2015 14:20,DESKTOP/LAPTOP: Windows (other),1029,Complete,1,,,,US,NJ,,http://www.questionpro.com//userimages/sub-3/2618468/4367714/44267038/43193897-resume.txt,,2,1,6,1,"Muncie, Muncie, IN, USA (Longitude : -85.3863599, Latitude : 40.1933767)",6,5,15,40,2,,4,3,4,2,2,3,3,4,3,2,4,4,3,4,4,2,3,3,4,5,6,6,3,4,2,3,4,5,,1,,1,,,1,,,,1,,1,,,,1,,1,,,,1,,,1,,1,,,,1,,,1,,,1,,,1,,1,,,,1,,1,,,,1,,,1,,1,,,,1,,1,,,1,,,,1,,,1,,,1,,1,,,,1,,1,,,1,,,,1,,1,,,1,,,1,,,,1,,,1,,,1,,,1,,1,,,,1,,1,,,,1,,,1,,1,,,,1,,,1,,1,,,1,,,,1,,,1,,,1,,,1,,1,,,,1,,,1,,1,,,1,,,1,,,,1,,1,,4,3,5,5,4,5,6,4
43211350,99.24.146.191,12/10/2015 16:52,DESKTOP/LAPTOP: Mac,1348,Complete,1,,,,US,FL,,http://www.questionpro.com//userimages/sub-3/2618468/4367714/44267038/43211350-blank-rez.pdf,,2,2,6,4,"Florida, Florida, USA (Longitude : -81.5157535, Latitude : 27.6648274)",8,5,5,40,2,,4,3,5,5,4,5,5,5,5,5,4,4,5,2,2,1,3,3,6,2,6,6,6,7,7,6,7,7,,1,,1,,,,1,,,1,,1,,,,1,,1,,,,1,,,1,,1,,,1,,,,1,,,1,,1,,,1,,,,1,,1,,,1,,,1,,,,1,,1,,,1,,,,1,,1,,,,1,,1,,,1,,,,1,,,1,,1,,,1,,,1,,,1,,,,1,,,1,,1,,,,1,,,1,,1,,,,1,,1,,,1,,,,1,,1,,,,1,,,1,,1,,,1,,,,1,,,1,,,1,,,1,,1,,,,1,,,1,,1,,,,1,,1,,,,1,,1,,7,7,6,7,7,7,7,7
43234818,74.141.70.168,12/10/2015 20:39,SMARTPHONE: Android,867,Complete,1,,,,US,OH,,http://www.questionpro.com//userimages/sub-3/2618468/4367714/44267038/43234818-Jeremy-Blythe-resume-1.docx,,2,1,6,4,"Alliance, Alliance, OH 44601, USA (Longitude : -81.1059309, Latitude : 40.9153362)",17,5,10,40,1,,2,3,3,4,4,5,2,3,4,3,5,4,2,4,2,1,2,2,3,4,1,3,4,5,5,3,2,3,,1,,1,,,1,,,,1,,1,,,,1,,1,,,,1,,,1,,1,,,,1,,,1,,,1,,1,,,1,,,,1,,1,,,,1,,,1,,1,,,,1,,1,,,,1,,1,,,,1,,1,,,1,,,1,,,,1,,,1,,,1,,,1,,1,,,,1,,,1,,1,,,,1,,,1,,1,,,,1,,,1,,1,,,1,,,1,,,,1,,,1,,1,,,1,,,1,,,1,,,1,,,,1,,1,,,,1,,,1,,1,,,,1,,1,,,,1,,1,,6,5,5,6,6,5,6,7
43281809,125.21.194.5,12/11/2015 4:19,SMARTPHONE: Android,549,Complete,1,,,,IN,2,,http://www.questionpro.com//userimages/sub-3/2618468/4367714/44267038/43281809-Copy-of-sai-resume.docx,,1,1,3,8,"Hyderabad, Hyderabad, Telangana, India (Longitude : 78.486671, Latitude : 17.385044)",10,4,4,40,1,,2,3,2,1,4,5,3,5,1,2,1,4,5,1,5,1,2,3,5,6,6,6,4,7,6,5,3,5,,,,,,,1,,,,1,,,,,,,,,,,,,,,,,1,,,,,,,,,1,,,,,,,,,,,,,,,,,,,,,,,,,,,,,,,,,,1,,,,,,,,1,,,,,,,,,,,,,,,1,,,,,,,,,,,,,,,,,,,,,1,,,,1,,,,,,,,1,,,,,,,,,,,,,,,1,,,,,,,,,,,,,1,,,,,,1,,,1,,1,,,1,,,,,,,,,1,,7,7,7,7,5,6,5,7
43286311,213.205.198.95,12/11/2015 5:02,SMARTPHONE: iPhone,404,Complete,1,,,,GB,,,http://www.questionpro.com//userimages/sub-3/2618468/4367714/44267038/43286311-48F346CA-A145-4DB6-BC43-DD94F285AACAWilliam_Gates_Curriculum_Vitae.pdf,,2,1,6,6,"Oxford, Oxford, Oxford, UK (Longitude : -1.2577263, Latitude : 51.7520209)",4,2,2,36,2,,3,4,3,2,3,2,3,4,2,5,1,5,3,1,1,1,2,2,2,5,1,2,2,7,7,6,7,6,,1,,1,,,1,,,,1,,1,,,,1,,1,,,,1,,,1,,1,,,,1,,,1,,,1,,1,,,1,,,1,,,1,,,,1,,,1,,1,,,,1,,1,,,,1,,1,,,,1,,1,,,1,,,,1,,,1,,1,,,1,,,1,,,1,,,,1,,,1,,,1,,,1,,,1,,1,,,,1,,1,,,,1,,1,,,1,,,,1,,,1,,1,,,1,,,,1,,,1,,,1,,,1,,1,,,,1,,,1,,1,,,,1,,1,,,,1,,1,,7,,,6,6,6,6,7
43287347,69.114.13.131,12/11/2015 5:11,DESKTOP/LAPTOP: Other,936,Complete,1,,,,US,NY,,http://www.questionpro.com//userimages/sub-3/2618468/4367714/44267038/43287347-resume.pdf,,1,2,3,5,"Brooklyn, Brooklyn, NY, USA (Longitude : -73.9441579, Latitude : 40.6781784)",17,4,1.5,35,3,,4,4,5,4,4,2,4,5,5,5,5,5,3,1,1,1,1,1,2,2,3,4,1,6,6,6,4,5,1,,,1,,,,1,,,1,,1,,,,1,,1,,,,1,,,1,,1,,,,1,,,1,,1,,,1,,,1,,,1,,,1,,,1,,,1,,,1,,,,1,,1,,,1,,,1,,,1,,,1,,,1,,,,1,,,1,,1,,,,1,,1,,,,1,,,1,,,1,,1,,,,1,,,1,,1,,,,1,,1,,,1,,,1,,,1,,,,1,,1,,,1,,,1,,,1,,,,1,,,1,,,1,,1,,,1,,,,1,,1,,,,1,,,1,,,1,,1,,6,6,5,7,6,6,7,7
43293228,50.233.88.51,12/11/2015 6:00,DESKTOP/LAPTOP: Windows 8,986,Complete,1,,,,US,,,http://www.questionpro.com//userimages/sub-3/2618468/4367714/44267038/43293228-resume221.docx,,3,2,4,5,"Roswell, Roswell, GA, USA (Longitude : -84.3615555, Latitude : 34.0232431)",10,5,8,40,4,,5,5,5,4,5,5,4,3,2,2,4,5,2,1,1,1,2,2,5,5,2,2,2,3,5,2,5,5,,1,,1,,,1,,,,1,,1,,,,1,,1,,,,1,,,1,,1,,,,1,,,1,,,1,,1,,,1,,,,1,,1,,,,1,,1,,,1,,,,1,,1,,,,1,,1,,,,1,,1,,,1,,,,1,,,1,,1,,,1,,,1,,,,1,,,1,,,1,,,1,,,1,,,1,,,1,,,1,,1,,,,1,,,1,,1,,,,1,,1,,,1,,,1,,,,1,,1,,,,1,,,1,,1,,,,1,,,1,,1,,,,1,,,1,,,1,,1,,6,7,4,5,6,6,6,5
43295052,182.59.91.123,12/11/2015 6:17,DESKTOP/LAPTOP: Windows (other),2379,Complete,1,,,,IN,16,,http://www.questionpro.com//userimages/sub-3/2618468/4367714/44267038/43295052-Resume_for-Survey.docx,,2,2,7,7,"Ramesh Enclave, Ramesh Enclave, Plot No. B 91/92, Darave Rd, Sector 23, Nerul, Navi Mumbai, Maharashtra 400706, India (Longitude : 73.0190087, Latitude : 19.0251566)",6,3,2,40,1,,4,4,4,4,4,2,3,2,4,4,2,4,4,3,1,1,1,1,3,3,3,6,1,6,6,6,6,4,,1,,1,,,1,,,,1,,,1,,,1,,1,,,,1,,1,,,1,,,,1,,,1,,,1,,,1,,1,,,1,,,,1,,,1,,1,,,1,,,,1,,1,,,1,,,1,,,1,,,1,,,1,,,1,,,,1,,1,,,1,,,1,,,,1,,,1,,1,,,,1,,,1,,,1,,,1,,,1,,1,,,,1,,,1,,1,,,,1,,1,,,1,,,1,,,1,,,,1,,,1,,,1,,1,,,1,,,,1,,1,,,1,,,1,,,1,,,1,,6,6,6,6,6,6,6,6
43299031,117.208.178.44,12/11/2015 6:48,DESKTOP/LAPTOP: Windows (other),513,Complete,1,,,,IN,2,,http://www.questionpro.com//userimages/sub-3/2618468/4367714/44267038/43299031-ravi.resume.doc,,2,1,3,6,"Hyderabad, Hyderabad, Telangana, India (Longitude : 78.486671, Latitude : 17.385044)",12,3,3,40,1,,5,4,4,5,4,5,5,5,4,4,5,5,5,4,4,4,5,5,5,5,5,6,5,6,6,6,5,6,,1,,1,,,1,,,,1,,1,,,1,,,1,,,1,,,,1,,1,,,,1,,,1,,,1,,,,,1,,,1,,,1,,,1,,,1,,,1,1,,1,,,1,,,1,,,1,,,,1,,,1,,1,,,1,,,,1,,1,,,,1,,1,,,,1,,,1,,1,,,,1,,,1,,,1,,,1,,,1,,,1,,1,,,1,,,1,,,,1,,1,,,1,,,1,,,,1,,,1,,,1,,,1,,1,,,,1,,,,,1,,,1,,,1,,,,1,,1,,6,7,6,7,6,6,7,7
43300962,119.42.105.59,12/11/2015 7:05,DESKTOP/LAPTOP: Windows (other),474,Complete,1,,,,TH,40,,http://www.questionpro.com//userimages/sub-3/2618468/4367714/44267038/43300962-EDUCATION.doc,,1,2,6,6,"Melbourne, Melbourne VIC, Australia (Longitude : 144.96328, Latitude : -37.814107)",4,2,1,40,1,,4,3,3,4,4,3,2,2,2,2,3,3,3,4,3,2,4,4,4,5,6,4,5,7,7,6,6,6,,1,,1,,,1,,,,1,,1,,,,,,1,,,,1,,,1,,1,,,,1,,,1,,,1,,1,,,1,,,1,,,1,,,1,,,1,,,1,,,,1,,1,,,,1,,1,,,,1,,,1,,1,,,1,,,,1,,,1,,1,,,1,,,1,,,,1,,,1,,,1,,,1,,,1,,1,,,,1,,1,,,1,,,1,,,1,,,,1,,1,,,1,,,1,,,,1,,,1,,,1,,,1,,1,,,1,,,,1,,1,,,,1,,1,,,,1,,1,,6,6,6,6,6,6,6,6
43316417,68.194.109.15,12/11/2015 9:00,DESKTOP/LAPTOP: Windows 8,633,Complete,1,,,,US,NJ,,http://www.questionpro.com//userimages/sub-3/2618468/4367714/44267038/43316417-SONYA-RESUME.txt,,3,2,6,3,"Neptune City, Neptune City, NJ, USA (Longitude : -74.0314165, Latitude : 40.2005472)",16,2,15,40,2,,5,5,5,5,5,5,5,5,5,5,5,5,5,1,2,1,2,1,7,7,7,7,5,7,7,6,3,5,,1,,1,,,1,,,,1,,1,,,,1,,1,,,,1,,,1,,1,,,,1,,,1,,,1,,1,,,1,,,,1,,1,,,,1,,1,,,1,,,,1,,1,,,,1,,1,,,1,,,1,,,1,,,,1,,,1,,1,,,,1,,1,,,1,,,,1,,,1,,1,,,,1,,,1,,,1,,,1,,1,1,,1,,,,1,,1,,,,1,,1,,,1,,,1,,,1,,,1,,,1,,,,1,,1,,,,1,,,1,,1,,,,1,,,1,,,1,,1,,4,5,4,7,7,7,7,6
43326820,178.148.162.170,12/11/2015 10:23,DESKTOP/LAPTOP: Windows (other),3434,Complete,1,,,,RS,0,,http://www.questionpro.com//userimages/sub-3/2618468/4367714/44267038/43326820-Milos-Maric-CV-novi.docx,,2,1,6,5,"Sime Igumanova, Sime Igumanova, Beograd, Serbia (Longitude : 20.4744456, Latitude : 44.7921633)",11,2,1,40,1,,2,3,3,3,4,3,4,3,4,3,2,3,3,4,3,4,3,4,3,4,4,4,5,5,4,3,4,4,,1,,,1,,1,,,,1,,1,,,1,,,1,,,,1,,1,,,1,,,,1,,,1,,1,,,,1,,1,,,1,,,1,,,,1,,1,,,,1,,,1,,1,,,,1,,,1,,1,,,1,,,1,,,,1,,,1,,1,,,1,,,1,,,,1,,1,,,,1,,,1,,1,,,,1,,1,,,,1,,,1,,1,,,1,,,,1,,1,,,1,,,1,,,,1,,,1,,,1,,,1,,,1,,1,,,,1,,,1,,1,,,1,,,,1,,,1,,1,,3,4,3,4,3,3,4,4
43327537,94.53.30.139,12/11/2015 10:31,DESKTOP/LAPTOP: Windows 8,889,Complete,1,,,,RO,20,,http://www.questionpro.com//userimages/sub-3/2618468/4367714/44267038/43327537-CV-Sebastian-Flavius-Cocora.docx,,1,1,6,7,"Brașov, Brașov, România (Longitude : 25.6011977, Latitude : 45.6579755)",2,14,7,20,7,,4,4,4,4,4,3,5,4,4,3,3,3,2,1,2,1,1,1,1,1,1,5,1,6,6,6,6,6,,1,,1,,,1,,,,1,,1,,,,1,,1,,,,1,,1,,,1,,,,1,,,1,,1,,,1,,,1,,,1,,,1,,,1,,,,1,,1,,,,1,,1,,,1,,,1,,,,1,,1,,,1,,,1,,,1,,,1,,,1,,,1,,,1,,,,1,,,1,,1,,,1,,,,1,,1,,,,1,,,1,,1,,,,1,,1,,,1,,,,1,,1,,,1,,,1,,,,1,,,1,,,1,,1,,,1,,,,1,,1,,,1,,,,1,,,1,,1,,6,6,5,7,2,2,6,6
43337501,2.81.116.151,12/11/2015 13:38,DESKTOP/LAPTOP: Windows (other),817,Complete,1,,,,PT,2,,http://www.questionpro.com//userimages/sub-3/2618468/4367714/44267038/43337501-CV-Europass.doc,,2,1,6,6,"Escariz, Escariz, Portugal (Longitude : -8.4124683, Latitude : 40.9405132)",17,2,0,40,1,,4,4,5,4,4,3,4,2,1,2,4,1,1,3,2,3,4,2,6,3,1,1,2,6,6,4,3,2,,1,,1,,,,1,,,1,,1,,,,1,,1,,,,1,,1,,,1,,,,1,,1,,,,1,,1,,,1,,,,1,,1,,,1,,,1,,,1,,,,1,,1,,,,1,,1,,,,1,,,1,,1,,,1,,,1,,,1,,,1,,,,1,,,1,,,1,,,1,,1,,,1,,,,1,,1,,,,1,,1,,,1,,,1,,,1,,,,1,,,1,,1,,,1,,,1,,,,1,,,1,,,1,,1,,,1,,,,1,,1,,,1,,,,1,,,1,,1,,5,5,6,2,3,4,5,5
43345806,99.44.129.72,12/11/2015 20:08,DESKTOP/LAPTOP: Windows (other),944,Complete,1,,,,US,FL,,http://www.questionpro.com//userimages/sub-3/2618468/4367714/44267038/43345806-Resume.docx,,1,1,3,5,"Miami, Miami, FL, USA (Longitude : -80.1917902, Latitude : 25.7616798)",8,2,1,40,3,,4,4,5,4,4,4,5,5,3,4,5,3,3,2,2,2,1,2,3,4,5,5,6,7,7,6,6,5,1,,,1,,,1,,,,1,,1,,,,1,,1,,,,1,,,1,,1,,,,1,,,1,,1,,,1,,,1,,,,1,,1,,,1,,,,1,,1,,,,1,,1,,,1,,,,1,,,1,,1,,,1,,,,1,,,1,,,1,,,1,,1,,,1,,,,1,,,1,,1,,,,1,,,1,,1,,,,1,,1,,,1,,,1,,,1,,,,1,,1,,,1,,,1,,,,1,,,1,,,1,,,1,,1,,,1,,,,1,,1,,,,1,,,1,,,1,,1,,5,6,6,7,6,5,6,5
43345811,189.29.34.28,12/11/2015 20:08,DESKTOP/LAPTOP: Windows (other),571,Complete,1,,,,BR,27,,http://www.questionpro.com//userimages/sub-3/2618468/4367714/44267038/43345811-Resume-Vinicius.txt,,2,1,1,1,"Araçatuba, Araçatuba, Araçatuba - SP, Brasil (Longitude : -50.4536793, Latitude : -21.2028539)",15,5,1,40,5,,4,3,5,4,3,5,2,5,3,5,5,5,5,2,5,3,4,3,6,6,4,5,6,7,7,7,7,7,,1,,1,,,1,,,,1,,,1,,,1,,1,,,1,,,,1,,1,,,,1,,,1,,,1,,1,,,1,,,1,,,1,,,1,,,1,,,1,,,,1,,1,,,,1,,1,,,,1,,1,,,1,,,1,,,1,,,,1,,1,,,1,,,,1,,,1,,,1,,1,,,,1,,,1,,,,,1,,,,1,,,1,,1,,,1,,,,1,,,1,,1,,,1,,,,1,,1,,,,1,,,1,,1,,,,1,,1,,,1,,,,1,,1,,,1,,,1,,6,5,4,7,6,5,6,7
43359835,91.125.70.124,12/12/2015 5:34,DESKTOP/LAPTOP: Other,879,Complete,1,,,,GB,,,http://www.questionpro.com//userimages/sub-3/2618468/4367714/44267038/43359835-Participant_CV.docx,,2,2,6,2,"Albuquerque, Albuquerque, NM, USA (Longitude : -106.6055534, Latitude : 35.0853336)",17,5,5,40,3,,3,4,5,5,4,4,4,5,5,5,4,5,5,2,1,2,2,1,2,1,1,3,3,7,7,5,7,7,,1,,1,,,1,,,,1,,1,,,,1,,1,,,,1,,,1,,1,,,,1,,,1,,,1,,1,,,1,,,1,,,1,,,,1,,,1,,1,,,,1,,1,,,,1,,1,,,,1,,1,,,1,,,1,,,,1,,1,,,1,,,1,,,,1,,,1,,,1,,,1,,,1,,,1,,1,,,,1,,1,,,,1,,1,,,1,,,,1,,,1,,1,,,1,,,,1,,1,,,,1,,,1,,1,,,1,,,,1,,1,,,,1,,1,,,,1,,1,,6,6,6,7,6,7,7,6
43364025,145.133.109.189,12/12/2015 7:41,DESKTOP/LAPTOP: Windows (other),665,Complete,1,,,,NL,,,http://www.questionpro.com//userimages/sub-3/2618468/4367714/44267038/43364025-question-mark.png,,2,2,6,5,"Utrecht, Utrecht, Nederland (Longitude : 5.1214201, Latitude : 52.0907374)",10,3,5,34,2,,4,4,4,2,2,1,4,4,4,2,1,1,1,1,1,3,2,1,1,1,1,1,1,6,6,1,6,6,1,,,1,,,1,,,,1,,1,,,,1,,1,,,,1,,1,,,1,,,,1,,,1,,1,,,1,,,1,,,,1,,1,,,1,,,1,,,1,,,,1,,1,,,1,,,1,,,,1,,1,,,,1,,1,,,,1,,1,,,1,,,1,,,1,,,1,,,,1,,1,,,,1,,,1,,1,,,,1,,1,,,1,,,1,,,1,,,,1,,1,,,1,,,1,,,1,,,,1,,,1,,,1,,1,,,1,,,,1,,,1,,,1,,,1,,,1,,1,,6,6,2,6,7,6,6,6
43372339,50.153.106.213,12/12/2015 10:38,DESKTOP/LAPTOP: Windows (other),1614,Complete,1,,,,US,FL,,http://www.questionpro.com//userimages/sub-3/2618468/4367714/44267038/43372339-PB-resume.docx,,5,2,6,6,"Coconut Creek, Coconut Creek, FL, USA (Longitude : -80.1789351, Latitude : 26.2517482)",12,5,6,35,3,,5,4,4,4,3,2,4,2,4,4,4,2,5,1,1,1,1,1,1,1,2,2,2,7,5,6,6,6,,1,,1,,,1,,,,1,,1,,,,1,,1,,,,1,,,1,,1,,,,1,,,1,,,,,,,,1,,,1,,,1,,,,1,,,1,,1,,,,1,,1,,,,1,,1,,,,1,,1,,,1,,,1,,,,1,,1,,,,1,,1,,,,1,,,1,,,1,,,1,,1,,,,1,,1,,,,1,,1,,,,1,,1,,,1,,,,1,,1,,,1,,,1,,,,1,,1,,,,1,,,1,,1,,,1,,,,1,,1,,,,1,,,1,,,1,,1,,6,6,6,6,6,5,5,7
43372376,180.215.121.87,12/12/2015 10:38,DESKTOP/LAPTOP: Windows (other),641,Complete,1,,,,IN,,,http://www.questionpro.com//userimages/sub-3/2618468/4367714/44267038/43372376-Name.docx,,2,1,3,6,"Tamil Nadu, Tamil Nadu, India (Longitude : 78.6568942, Latitude : 11.1271225)",10,2,1,40,7,,3,3,2,3,3,2,2,3,4,3,3,4,2,3,3,3,4,4,2,3,2,3,4,4,5,4,4,6,1,,,1,,,1,,,,1,,,,,1,,,,,,,1,,,,,,,,,,,,,,,,,,,,,,,,,,,,,,,,,,,,,,,,,,,,,,,,,,,,,,,,,,,,,,,,,,1,,,,,,,,,,,,,,,,,,,,,,,,,,,,,,,,,,,,,,,,,,,,,,,,,,,,,,,,,,,,,,,,,,,,,,,,,,,,,,,,,,,,,,,,,,,3,3,2,5,3,5,6,4
43375396,107.218.220.104,12/12/2015 11:39,SMARTPHONE: Android,552,Complete,1,,,,US,CA,,http://www.questionpro.com//userimages/sub-3/2618468/4367714/44267038/43375396-Richarddiazmw.doc,,2,1,1,4,"Highland, Highland, CA, USA (Longitude : -117.2086513, Latitude : 34.1283442)",17,4,4,40,2,,3,3,4,4,5,4,4,4,5,5,4,4,3,2,2,1,1,1,5,5,3,3,1,5,4,5,5,5,,1,,1,,,1,,,,1,,1,,,,1,,1,,,,1,,,1,,1,,,,1,,,1,,,1,,1,,,1,,,,1,,1,,,1,,,1,,,,1,,1,,,1,,,1,,,1,,,1,,,1,,,1,,,1,,,1,,,1,,,,1,,1,,,1,,,,1,,1,,,1,,,,1,,,1,,1,,,,1,,,1,,,1,,1,,,,1,,,1,,,1,,1,,,1,,,1,,,1,,,,1,,,1,,1,,,,1,,,1,,1,,1,,,,1,,,,1,,1,,5,6,6,6,7,7,6,6
43381447,162.234.204.230,12/12/2015 13:52,DESKTOP/LAPTOP: Windows (other),5380,Complete,1,,,,US,GA,,http://www.questionpro.com//userimages/sub-3/2618468/4367714/44267038/43381447-Resume.docx,,2,2,7,5,"Atlanta, Atlanta, GA, USA (Longitude : -84.3879824, Latitude : 33.7489954)",11,3,1,45,3,,4,4,5,4,4,5,4,5,5,5,4,4,4,2,2,2,2,3,1,2,1,2,1,7,7,7,7,7,,1,,1,,,1,,,,1,,1,,,,1,,1,,,,1,,,1,,1,,,,1,,,1,,1,,,1,,,1,,,1,,,1,,,1,,,1,,,1,,,,1,,1,,,,1,,,1,,,1,,1,,,1,,,,1,,,1,,,1,,1,,,1,,,,1,,,1,,,1,,1,,,,1,,,1,,1,,,,1,,1,,,1,,,,1,,1,,,,1,,1,,,1,,,1,,,,1,,,1,,,1,,,1,,,1,,,1,,,1,,1,,,,1,,1,,,,1,,1,,7,6,5,6,6,6,6,6
43395556,36.78.207.120,12/12/2015 22:09,DESKTOP/LAPTOP: Windows (other),1382,Complete,1,,,,ID,30,,http://www.questionpro.com//userimages/sub-3/2618468/4367714/44267038/43395556-me.docx,,3,1,3,2,"Bandung City, Bandung City, West Java, Indonesia (Longitude : 107.63337, Latitude : -6.9170227)",4,5,6,8,6,,5,5,5,5,5,5,5,5,5,5,5,5,5,1,1,1,1,1,1,1,1,1,1,7,7,7,7,7,1,,,,1,,1,,,1,,,1,,,,1,,,1,,1,,,,1,,1,,,1,,,1,,,1,,,,1,,,1,,,1,,,1,,1,,,,1,,1,,,1,,,1,,,1,,,,1,,1,,,,1,,1,,,,1,,1,,,,1,,,1,,1,,,,1,,,1,,,1,,,1,,1,,,,1,,,1,,,1,,,1,,1,,,1,,,,1,,1,,,1,,,1,,,1,,,1,,,1,,,1,,,1,,,,1,,1,,,,1,,1,,,,1,,1,,,1,,,,1,7,7,7,7,7,7,7,7
43408136,88.159.37.24,12/13/2015 3:32,DESKTOP/LAPTOP: Windows (other),598,Complete,1,,,,NL,6,,http://www.questionpro.com//userimages/sub-3/2618468/4367714/44267038/43408136-CV.txt,,3,1,6,6,"Amsterdam, Amsterdam, Nederland (Longitude : 4.8951679, Latitude : 52.3702157)",8,1,10,38,3,,5,5,4,5,4,2,4,2,4,2,4,4,4,3,4,4,3,4,6,6,5,6,6,5,6,5,5,5,,1,,1,,,,1,,,1,,1,,,,1,,1,,,,1,,,1,,1,,,,1,,,1,,1,,,,1,,1,,,,1,,1,,,,1,,1,,,,,,1,,,,1,,1,,,,1,,1,,,1,,,1,,,,1,,1,,,,1,,1,,,,1,,,1,,,1,,,1,,,1,,,1,,,1,,1,,,,1,,,1,,1,,,,1,,1,,,,1,,,1,,1,,,1,,,1,,,,1,,,1,,,1,,1,,,,1,,,1,,,1,,1,,,,1,,,1,,1,,7,6,7,7,6,7,6,7
43408234,90.209.92.221,12/13/2015 3:35,DESKTOP/LAPTOP: Mac,1521,Complete,1,,,,GB,H9,,http://www.questionpro.com//userimages/sub-3/2618468/4367714/44267038/43408234-CV-Study.docx,,2,2,6,4,"Glenrothes, Glenrothes, Fife, UK (Longitude : -3.15986, Latitude : 56.200842)",17,5,1,39,2,,5,5,4,4,5,3,5,3,2,3,4,2,5,2,1,2,2,1,2,5,1,5,2,7,7,7,6,6,,1,,1,,,1,,,,1,,1,,,,1,,,1,,,1,,,1,,1,,,,1,,,1,,,1,,1,,,1,,,1,,,1,,,,1,,,1,,1,,,,1,,1,,,,1,,1,,,,1,,1,,,1,,,1,,,,1,,1,,,1,,,1,,,,1,,,1,,,1,,,1,,,1,,,1,,1,,,,1,,1,,,,1,,1,,,1,,,,1,,,1,,1,,,1,,,,1,,,1,,,1,,,1,,1,,,1,,,,1,,1,,,,1,,,1,,,1,,1,,6,6,4,7,6,5,4,7
43417987,82.27.61.202,12/13/2015 6:41,DESKTOP/LAPTOP: Windows (other),410,Complete,1,,,,GB,C5,,http://www.questionpro.com//userimages/sub-3/2618468/4367714/44267038/43417987-anoncv.doc,,3,2,6,5,"Sunderland, Sunderland, Tyne and Wear, UK (Longitude : -1.383801, Latitude : 54.906869)",8,2,2,37.5,2,,5,5,5,5,5,5,5,4,5,5,5,5,4,1,1,1,1,1,6,5,4,5,6,6,6,1,4,4,,1,,1,,,1,,,,1,,1,,,,1,,1,,,,1,,,1,,1,,,,1,,,1,,,1,,1,,,1,,,1,,,1,,,,1,,,1,,1,,,,1,,1,,,,1,,1,,,,1,,1,,,1,,,1,,,,1,,1,,,1,,,1,,,,1,,,1,,,1,,,1,,,1,,,1,,1,,,,1,,1,,,,1,,1,,,1,,,,1,,,1,,1,,,1,,,,1,,,1,,,1,,,1,,1,,,1,,,,1,,1,,,,1,,1,,,,1,,,1,5,5,5,5,5,5,5,5
43433928,176.205.50.7,12/13/2015 11:42,DESKTOP/LAPTOP: Windows 8,756,Complete,1,,,,AE,1,,http://www.questionpro.com//userimages/sub-3/2618468/4367714/44267038/43433928-Resume.docx,,1,2,3,5,"Abu Dhabi, Abu Dhabi - Abu Dhabi - United Arab Emirates (Longitude : 54.6972774, Latitude : 24.2991738)",17,3,2,45,1,,3,4,4,3,3,4,4,4,3,2,4,4,3,3,2,2,2,3,5,3,3,5,4,6,6,5,6,6,,1,,1,,,1,,,,1,,1,,,,1,,1,,,,1,,,1,,1,,,,1,,,1,,,1,,1,,,1,,,1,,,1,,,,1,,1,,,1,,,,1,,1,,,1,,,,1,,,1,,1,,,1,,,1,,,,1,,,1,,,1,,1,,,1,,,,1,,,1,,,1,,1,,,,1,,1,,,,1,,1,,,1,,,1,,,1,,,,1,,1,,,1,,,,,1,,1,,,1,,,1,,,1,,1,,,,1,,,1,,1,,,,1,,,1,,,1,,1,,6,5,5,6,5,5,4,5
43435762,46.103.201.196,12/13/2015 12:18,DESKTOP/LAPTOP: Windows (other),1304,Complete,1,,,,GR,,,http://www.questionpro.com//userimages/sub-3/2618468/4367714/44267038/43435762-search.txt,,2,1,6,6,"Thessaloniki, Thessaloniki, Greece (Longitude : 22.9444191, Latitude : 40.6400629)",6,6,5,44,2,,5,4,4,4,4,5,3,4,4,4,4,5,5,3,1,1,3,1,5,5,5,5,4,5,5,6,7,7,,1,,1,,,1,,,,1,,1,,,1,,,,1,,,1,,,1,,,1,,,1,,,1,,,1,,1,,,1,,,,1,,1,,,1,,,1,,,,1,,,1,,1,,,1,,,1,,,1,,,,1,,1,,,,1,,,1,,1,,,,1,,,1,,1,,,,1,,,1,,,1,,1,,,,1,,,1,,1,,,1,,,1,,,1,,,,1,,1,,,1,,,1,,,1,,,,1,,,1,,1,,,,1,,1,,,,1,,,1,,1,,,1,,,,1,,,1,,1,,7,6,2,5,6,4,6,7
43436185,108.47.74.138,12/13/2015 12:26,DESKTOP/LAPTOP: Windows (other),997,Complete,1,,,,US,CA,,http://www.questionpro.com//userimages/sub-3/2618468/4367714/44267038/43436185-resume.docx,,2,1,6,2,"Bellflower, Bellflower, CA, USA (Longitude : -118.1170117, Latitude : 33.8816818)",11,5,1,35,2,,3,2,4,5,3,4,2,1,5,5,4,1,2,1,1,1,1,1,5,3,1,3,6,5,5,6,6,5,,1,,1,,,1,,,,1,,1,,,,1,,1,,,,1,,,1,,1,,,,1,,,1,,,1,,1,,,1,,,1,,,1,,,,1,,,1,,1,,,,1,,1,,,,1,,1,,,,1,,1,,,1,,,1,,,,1,,1,,,1,,,1,,,,1,,,1,,,1,,,1,,1,,,,1,,1,,,,1,,1,,,,1,,1,,,1,,,,1,,,1,,1,,,1,,,,1,,1,,,,1,,,1,,1,,,1,,,,1,,1,,,,1,,,1,,,1,,1,,5,3,3,5,6,3,6,7
43442334,109.245.39.91,12/13/2015 14:49,DESKTOP/LAPTOP: Windows (other),1650,Complete,1,,,,RS,0,,http://www.questionpro.com//userimages/sub-3/2618468/4367714/44267038/43442334-cv-Aleksandra-Jankovic.doc,,2,2,6,5,"Sime Igumanova, Sime Igumanova, Beograd, Serbia (Longitude : 20.4744456, Latitude : 44.7921633)",6,2,1,40,1,,4,4,3,4,4,3,2,3,4,4,4,4,4,3,2,1,3,2,5,5,1,5,2,6,7,6,5,5,,1,,1,,,1,,,,1,,1,,,,1,,1,,,,1,,,1,,1,,,,1,,,1,,,1,,1,,,1,,,1,,,1,,,,1,,,1,,1,,,,1,,1,,,,1,,1,,,1,,,1,,,1,,,,1,,,1,,1,,,1,,,1,,,,1,,,1,,,1,,,1,,1,,,,1,,1,,,,1,,1,,,,1,,1,,,,,,,1,,,1,,1,,,1,,,,1,,1,,,,1,,,1,,1,,,,1,,,1,,1,,,1,,,,1,,,1,,1,,7,6,5,6,6,4,6,6
43480798,14.141.149.46,12/14/2015 3:19,DESKTOP/LAPTOP: Mac,1161,Complete,1,,,,IN,7,,http://www.questionpro.com//userimages/sub-3/2618468/4367714/44267038/43480798-SanyamAgrawalResumeDOCFormat.docx,,1,1,7,5,"Gurgaon, Gurgaon, Haryana, India (Longitude : 77.0266383, Latitude : 28.4594965)",10,3,0.3,48,5,,2,2,4,4,3,4,3,5,5,5,4,5,3,1,1,1,2,2,2,1,1,5,2,7,6,4,6,7,,1,,1,,,,1,,,1,,1,,,,1,,1,,,,1,,1,,,1,,,1,,,,1,,1,,,,1,,1,,,,1,,,1,,,,,,,,,1,,,1,,1,,,1,,,,1,,,1,,1,,,1,,,,1,,,1,,1,,,1,,,,1,,1,,,,1,,,1,,1,,,,1,,,1,,,1,,1,,,,1,,1,,,1,,,1,,,1,,,1,,,1,,,1,,,,1,,,1,,,1,,,1,,1,,,,1,,,1,,1,,,,1,,1,,,1,,,1,,6,7,5,7,7,6,7,4
43495079,106.51.29.8,12/14/2015 6:16,DESKTOP/LAPTOP: Windows (other),1578,Complete,1,,,,IN,19,,http://www.questionpro.com//userimages/sub-3/2618468/4367714/44267038/43495079-REsume-testing.docx,,2,1,3,5,"Bengaluru, Bengaluru, Karnataka, India (Longitude : 77.5945627, Latitude : 12.9715987)",10,3,1,45,1,,1,2,2,2,2,2,3,2,3,3,4,2,3,2,1,2,4,4,3,6,3,3,4,7,7,6,6,5,1,1,,1,,,1,,,,1,,1,,,,1,,1,,,,,,1,1,,1,,,1,1,,,1,,,1,,,,,1,,,,1,,1,,,1,,,1,,,1,,,,1,,1,,,1,,,1,,,,1,,1,,,1,,,1,,,,1,,1,,,1,,,1,,,1,,,,1,,,1,,,1,,,1,,,1,,1,,,,1,,1,,,,1,,1,,,1,,,1,,,,1,,1,,,1,,,,1,,1,,,,1,,,1,,1,,,1,,,,1,,1,,,,1,,1,,,,1,,1,,4,2,2,3,3,5,5,6
43504851,108.27.250.131,12/14/2015 7:48,DESKTOP/LAPTOP: Windows (other),990,Complete,1,,,,US,NY,,http://www.questionpro.com//userimages/sub-3/2618468/4367714/44267038/43504851-CopyofResumeforstudy.docx,,3,1,6,2,"Seagate, Seagate, Brooklyn, NY, USA (Longitude : -74.0079781, Latitude : 40.5768098)",10,3,1,50,2,,3,3,3,3,3,3,3,3,3,3,3,3,3,3,2,2,3,1,5,5,5,5,5,5,5,5,5,5,,1,,1,,,1,,,,1,,1,,,,1,,1,,,,1,,,1,,1,,,,1,,,,,,1,,1,,,1,,,1,,,1,,,,1,,,1,,1,,,,1,,1,,,,1,,1,,,,1,,1,,,1,,,1,,,,1,,1,,,,1,,1,,,,1,,,1,,,1,,,1,,1,,,,1,,1,,,,1,,1,,,,1,,1,,,1,,,,1,,,1,,1,,,1,,,,1,,1,,,,1,,,1,,1,,,1,,,,1,,1,,,,1,,,1,,,1,,1,,3,4,4,5,5,5,5,5
43505149,191.54.166.224,12/14/2015 7:51,DESKTOP/LAPTOP: Windows (other),471,Complete,1,,,,BR,,,http://www.questionpro.com//userimages/sub-3/2618468/4367714/44267038/43505149-Tulio-Martins.pdf,,2,1,6,7,"Uberlândia, Uberlândia, Uberlândia - MG, Brasil (Longitude : -48.2753801, Latitude : -18.9146078)",2,7,5,40,4,,2,3,3,4,4,5,5,5,5,5,5,4,4,4,2,2,2,5,7,6,6,6,6,6,6,6,6,5,,1,,1,,,1,,,,1,,1,,,,1,,1,,,1,,,,1,,1,,,,1,,,1,,1,,,1,,,1,,,1,,,1,,,,1,,1,,,1,,,,1,,,1,,,1,,1,,,1,,,,1,,1,,,1,,,,1,,,1,,,1,,,1,,1,,,,1,,,1,,,1,,,1,,,1,,1,,,1,,,1,,,,1,,,,,1,,,1,,,,1,,1,,,1,,,,1,,,1,,,1,,,1,,1,,,,1,,,1,,1,,,,1,,,1,,,1,,1,,6,6,6,6,7,7,7,7
43518674,92.239.55.66,12/14/2015 10:31,DESKTOP/LAPTOP: Mac,597,Complete,1,,,,GB,O7,,http://www.questionpro.com//userimages/sub-3/2618468/4367714/44267038/43518674-anon.docx,,2,1,6,8,"Wakefield, Wakefield, West Yorkshire, UK (Longitude : -1.505924, Latitude : 53.683298)",4,6,1,45,4,,4,3,5,4,3,4,5,4,5,2,3,3,2,4,2,2,2,2,1,1,1,5,2,5,4,2,3,4,1,,,1,,,1,,,,1,,,1,,,1,,1,,,1,,,1,,,1,,,,1,,,1,,,1,,1,,,1,,,,1,,1,,,1,,,,1,,1,,,,1,,1,,,1,,,1,,,1,,,1,,,1,,,1,,,,1,,1,,,1,,,1,,,,1,,,1,,,1,,,1,,,1,,,1,,1,,,,1,,,1,,1,,,1,,,1,,,,1,,1,,,1,,,1,,,,1,,,1,,,1,,,1,,1,,,1,,,,1,,1,,,1,,,,1,,,1,,1,,6,4,3,7,5,4,6,5
43537700,182.186.182.63,12/14/2015 14:12,DESKTOP/LAPTOP: Windows (other),801,Complete,1,,,,PK,4,,http://www.questionpro.com//userimages/sub-3/2618468/4367714/44267038/43537700-info.docx,,4,1,3,8,"Nazim Abad, Nazim Abad, Faisalabad, Pakistan (Longitude : 73.0678287, Latitude : 31.4087034)",8,1,2,24,4,,5,1,1,5,1,1,5,1,5,1,1,5,1,1,5,1,1,1,1,7,7,7,7,7,7,1,1,1,1,1,,,1,,,1,,1,1,,1,1,1,1,1,,,,,,,,,,,,,,,,,,,,,,,,,,,,,,,,,,,,,,,,,,,,,,,,,,,,,,,,,,,,,,,,,,,,,,,,1,1,1,1,1,1,1,1,1,1,1,1,1,1,1,,,,,,,,,,,,,,,,1,,,,,,,,,,,,,,,,,,,,,,,,,,,,,,,,,,,,,,,,,,,,,,1,,,,,,,,,,,1,1,1,1,7,7,7,7,7,7,7,7
43539009,173.14.147.121,12/14/2015 14:32,DESKTOP/LAPTOP: Windows (other),985,Complete,1,,,,US,MA,,http://www.questionpro.com//userimages/sub-3/2618468/4367714/44267038/43539009-Master-Resume_Oct2015.doc,,2,1,6,6,"02472, Watertown, MA 02472, USA (Longitude : -71.1843543, Latitude : 42.3653524)",3,3,1.5,40,3,,5,4,3,4,5,2,2,2,2,3,2,2,4,2,1,1,1,1,2,2,2,3,5,7,7,6,7,6,,1,,1,,,1,,,,1,,1,,,,1,,1,,,,1,,,1,,1,,,,1,,,1,,,1,,,1,,1,,,1,,,1,,,1,,,,1,,1,,,,1,,1,,,1,,,1,,,,1,,1,,,1,,,1,,,,1,,1,,,1,,,,1,,1,,,,1,,,1,,,1,,,1,,,1,,1,,,,1,,,1,,,1,,1,,,1,,,,1,,,1,,1,,,1,,,,1,,1,,,1,,,,1,,1,,,,1,,,1,,1,,,1,,,1,,,,1,,1,,6,5,6,7,6,7,6,7
43545148,187.163.149.33,12/14/2015 16:17,DESKTOP/LAPTOP: Windows (other),732,Complete,1,,,,MX,24,,http://www.questionpro.com//userimages/sub-3/2618468/4367714/44267038/43545148-resume.docx.docx,,3,1,1,6,"San Luis Potosí, San Luis, S.L.P., México (Longitude : -100.9855409, Latitude : 22.1564699)",4,6,12,40,5,,4,4,4,4,3,4,4,3,4,5,4,3,4,1,1,1,2,1,4,4,2,3,1,5,5,4,3,3,,1,,1,,,,,,,1,,1,,,,1,,1,,,,1,,,1,,1,,,,1,,,1,,,,,1,,,1,,,1,,,1,,,,1,,,1,,1,,,,1,,1,,,,1,,1,,,,1,,1,,,1,,,1,,,,1,,,,,,1,,1,,,1,,,,1,,,1,,1,,,,1,,,1,,1,,,,1,,1,,,1,,,1,,,1,,,,1,,,1,,1,,,1,,,,1,,,1,,,1,,,1,,1,,,,1,,,1,,1,,,,1,,,1,,,1,,1,,6,6,5,6,6,5,7,7
43546079,24.26.48.126,12/14/2015 16:31,DESKTOP/LAPTOP: Windows 8,547,Complete,1,,,,US,KY,,http://www.questionpro.com//userimages/sub-3/2618468/4367714/44267038/43546079-res.txt,,2,1,6,4,"Owensboro, Owensboro, KY, USA (Longitude : -87.1111676, Latitude : 37.7719074)",17,7,11,70,2,,5,5,5,5,5,5,5,5,5,5,2,4,1,1,1,1,1,1,1,1,1,1,1,1,1,1,1,1,,1,,1,,,1,,,,1,,1,,,,1,,1,,,,1,,1,,,1,,,1,,,,1,,1,,,1,,,1,,,1,,,1,,,1,,,1,,,,1,,,1,,1,,,,1,,1,,,1,,,1,,,1,,,1,,,,1,,1,,,,1,,,,,1,,,,1,,,1,,1,,,,1,,,1,,1,,,,1,,1,,,1,,,1,,,1,,,,1,,,1,,1,,,1,,,1,,,1,,,,1,,,1,,1,,,,1,,,1,,1,,,1,,,1,,,,1,,1,,7,7,7,7,7,3,7,7
43547093,200.74.210.90,12/14/2015 16:48,DESKTOP/LAPTOP: Windows (other),809,Complete,1,,,,VE,25,,http://www.questionpro.com//userimages/sub-3/2618468/4367714/44267038/43547093-Santiago-Gomez-cv.pdf,,1,1,1,7,"Caracas, Caracas, Venezuela (Longitude : -69.837067, Latitude : 9.081647)",10,4,1,40,5,,5,5,3,3,5,3,5,4,4,4,4,4,4,5,3,4,4,3,4,2,1,4,4,1,1,2,5,5,,1,,1,,,1,,,,1,,1,,,,1,,1,,,,1,,1,,,1,,,,1,,,1,,,1,,1,,,1,,,1,,,1,,,,1,,,1,,1,,,,1,,1,,,,1,,1,,,,1,,,1,,1,,,1,,,,1,,1,,,1,,,1,,,,1,,,1,,,1,,,1,,,1,,,1,,,1,,,1,,,1,,,1,,1,,,1,,,1,,,,1,,1,,,1,,,1,,,,1,,1,,,,1,,,1,,,1,,,1,,1,,,1,,,1,,,,1,,1,,7,6,6,7,7,7,7,7
43552554,173.34.77.133,12/14/2015 18:31,DESKTOP/LAPTOP: Windows 8,505,Complete,1,,,,CA,ON,,http://www.questionpro.com//userimages/sub-3/2618468/4367714/44267038/43552554-resume.docx,,1,1,3,5,"Toronto, Toronto, ON, Canada (Longitude : -79.3831843, Latitude : 43.653226)",10,3,2,45,4,,5,5,5,5,5,5,5,5,5,5,5,5,5,1,1,1,1,1,4,1,4,6,6,6,7,5,7,7,,1,,1,,,1,,,,1,,1,,,,1,,1,,,,1,,,1,,1,,,1,,,,1,,,1,,,1,,1,,,,1,,1,,,1,,,1,,,1,,,,1,,1,,,1,,,1,,,,1,,1,,,1,,,1,,,,1,,,1,,1,,,1,,,1,,,,1,,,1,,1,,,1,,,,1,,1,,,,1,,1,,,1,,,1,,,1,,,,1,,,1,,1,,,1,,,1,,,1,,,1,,,,1,,1,,,,1,,,1,,1,,,1,,,,1,,,1,,1,,7,7,7,7,7,7,7,7
43553609,173.33.243.218,12/14/2015 18:52,DESKTOP/LAPTOP: Windows (other),1299,Complete,1,,,,CA,ON,,http://www.questionpro.com//userimages/sub-3/2618468/4367714/44267038/43553609-a1Resume.docx,,1,1,6,5,"Toronto, Toronto, ON, Canada (Longitude : -79.3831843, Latitude : 43.653226)",17,5,1,40,2,,5,5,3,2,4,5,5,5,5,5,3,2,2,3,2,3,4,5,7,7,1,2,3,7,7,1,1,3,,1,,1,,,1,,,,1,,1,,,,1,,1,,,,1,,1,,,1,,,,1,,,1,,1,,,1,,,1,,,1,,,1,,,,1,,,1,,1,,,,1,,1,,,1,,,1,,,,1,,1,,,1,,,1,,,1,,,1,,,,1,,1,,,1,,,,1,,,1,,,1,,1,,,,1,,1,,,,1,,1,,,1,,,1,,,1,,,1,,,1,,,1,,,1,,,,1,,,1,,1,,,,1,,1,,,1,,,,1,,1,,,,1,,1,,,,1,,1,,6,6,1,5,4,4,5,5
43554393,96.253.101.69,12/14/2015 19:09,DESKTOP/LAPTOP: Mac,970,Complete,1,,,,US,VA,,http://www.questionpro.com//userimages/sub-3/2618468/4367714/44267038/43554393-Resume.txt,,1,2,6,5,"Pump Road, Pump Rd, Henrico, VA, USA (Longitude : -77.6078379, Latitude : 37.6241713)",12,3,2,40,2,,5,5,5,5,5,4,5,5,5,5,5,4,4,4,5,2,4,5,6,6,2,6,6,6,6,7,7,7,,1,,1,,,1,,,,1,,1,,,,1,,1,,,,1,,,1,,1,,,,1,,,1,,,1,,1,,,1,,,,1,,1,,,,1,,1,,,1,,,,1,,1,,,,1,,1,,,,1,,1,,,1,,,1,,,,1,,1,,,,1,,1,,,1,,,,1,,,1,,1,,,,1,,,1,,1,,,,1,,1,,,,1,,1,,,1,,,,1,,,1,,1,,,1,,,,1,,,1,,,1,,,1,,1,,,1,,,,1,,1,,,,1,,,1,,,1,,1,,7,7,7,7,6,6,7,7
43557676,73.166.108.52,12/14/2015 20:13,DESKTOP/LAPTOP: Windows (other),545,Complete,1,,,,US,TX,,http://www.questionpro.com//userimages/sub-3/2618468/4367714/44267038/43557676-Juan-Ramirez-Resume.docx,,1,1,1,4,"Houston, Houston, TX, USA (Longitude : -95.3698028, Latitude : 29.7604267)",10,2,1,40,2,,4,4,5,3,4,4,2,4,3,4,4,3,4,4,2,3,4,3,4,3,4,3,3,3,4,2,6,3,,1,,1,,,1,,,,1,,1,,,,1,,1,,,,1,,1,,,1,,,,1,,,1,,,1,,1,,,1,,,,1,,1,,,,1,,,1,,1,,,1,,,1,,,,1,,1,,,,1,,,1,,1,,,1,,,,1,,,,,,,,1,,,1,,,,1,,,1,,1,,,,1,,,1,,1,,,,1,,,1,,,,,1,,,1,,,,1,,1,,,1,,,1,,,,1,,,1,,,1,,,1,,1,,,,1,,,1,,1,,,,1,,,1,,,1,,1,,6,5,6,6,6,5,6,6
43559967,103.224.37.9,12/14/2015 20:57,DESKTOP/LAPTOP: Mac,868,Complete,1,,,,IN,,,http://www.questionpro.com//userimages/sub-3/2618468/4367714/44267038/43559967-Tech-Arch.docx,,2,1,3,6,"Bengaluru, Bengaluru, Karnataka, India (Longitude : 77.5945627, Latitude : 12.9715987)",10,4,2,50,1,,5,3,4,4,3,5,4,4,5,5,4,4,4,2,1,1,1,1,2,2,3,4,2,4,6,6,4,6,,1,,1,,,1,,,,1,,1,,,1,,,1,,,,,1,,1,,1,,,1,,,,1,,1,,,,1,,1,,,,1,,1,,,1,,,1,,,,1,,,1,,1,,,,1,,,1,,1,,,1,,,1,,,,1,,,1,,,1,,,1,,1,,,,1,,,1,,,1,,,1,,,1,,,1,,1,,,,1,,1,,,,1,,1,,,1,,,,1,,,1,,1,,,1,,,1,,,,1,,1,,,,1,,1,,,1,,,,1,,1,,,1,,,,1,,,1,,1,,7,7,6,7,6,6,7,6
43562772,65.128.145.212,12/14/2015 21:51,DESKTOP/LAPTOP: Mac,997,Complete,1,,,,US,MN,,http://www.questionpro.com//userimages/sub-3/2618468/4367714/44267038/43562772-ResumeDeID.doc,,2,2,1,2,"Minneapolis, Minneapolis, MN, USA (Longitude : -93.2650108, Latitude : 44.977753)",8,4,3,60,4,,4,4,4,5,5,5,5,5,4,4,4,4,3,2,1,2,2,3,3,3,1,1,2,7,5,7,6,4,,1,,1,,,1,,,,1,,1,,,,1,,1,,,,1,,,1,,1,,,,1,,,1,,,1,,1,,,1,,,1,,,1,,,,1,,1,,,1,,,,1,,1,,,,1,,1,,,,1,,1,,,1,,,1,,,,1,,,1,,,1,,1,,,1,,,,1,,,1,,1,,,,1,,,1,,1,,,,1,,1,,,,1,,1,,,1,,,,1,,,1,,1,,,1,,,,1,,,1,,,1,,,1,,1,,,,1,,,1,,1,,,,1,,,1,,,1,,1,,6,6,6,7,7,6,6,6
43572258,212.41.137.179,12/15/2015 0:48,DESKTOP/LAPTOP: Windows (other),535,Complete,1,,,,GB,,,http://www.questionpro.com//userimages/sub-3/2618468/4367714/44267038/43572258-resume.docx,,2,1,6,5,"Rijssen, Rijssen, Netherlands (Longitude : 6.5213493, Latitude : 52.3081686)",10,2,2,40,1,,4,4,4,5,4,3,4,3,5,5,5,4,5,1,2,1,1,1,5,2,1,1,5,7,7,6,6,6,,1,,1,,,1,,,,1,,1,,,,1,,1,,,,1,,,1,,1,,,,1,,,1,,,1,,1,,,1,,,,1,,1,,,,1,,1,,,1,,,,1,,1,,,,1,,1,,,,1,,1,,,1,,,,1,,,1,,1,,,,1,,,1,,,1,,1,,,,1,,,1,,,1,,,1,,1,,,,1,,1,,,1,,,1,,,1,,,,1,,1,,,1,,,1,,,,1,,,1,,,1,,,1,,1,,,,1,,,1,,1,,,,1,,,1,,,1,,1,,6,6,4,7,7,7,6,6
43579037,151.227.169.228,12/15/2015 2:30,DESKTOP/LAPTOP: Windows (other),722,Complete,1,,,,GB,Q5,,http://www.questionpro.com//userimages/sub-3/2618468/4367714/44267038/43579037-resume.txt,,2,1,6,5,"Bridlington, Bridlington, East Riding of Yorkshire, UK (Longitude : -0.198802, Latitude : 54.08535)",10,5,5,42,3,,3,3,3,5,5,3,3,5,5,5,3,3,5,1,1,1,2,2,4,5,4,4,4,6,6,7,6,6,,1,,1,,,1,,,,1,,1,,,,1,,1,,,,1,,1,,,1,,,1,,,,1,,1,,,1,,,1,,,,1,,1,,,,1,,,1,,,1,,1,,,1,,,1,,,,1,,1,,,1,,,,1,,1,,,,1,,1,,,,1,,1,,,1,,,,1,,,1,,,1,,,,,,1,,1,,,,1,,1,,,1,,,,1,,1,,,,1,,,1,,1,,,1,,,,1,,1,,,1,,,,1,,1,,,,1,,,1,,1,,,,1,,1,,,,1,,,1,6,6,6,7,7,6,6,6
43579401,112.79.36.130,12/15/2015 2:35,TABLET: Android,1533,Complete,1,,,,IN,28,,http://www.questionpro.com//userimages/sub-3/2618468/4367714/44267038/43579401-1450176857421-2006782565.jpg,,3,1,3,6,"India, India (Longitude : 78.96288, Latitude : 20.593684)",4,5,9,35,7,,3,3,3,3,5,4,5,5,4,5,5,4,4,2,1,3,2,2,2,2,1,4,1,7,6,7,7,7,,1,,,1,,1,,,,1,,,1,,,1,,1,,,,1,,,1,,1,,,,1,,,1,,,1,,,1,,,1,,,1,,1,,,,1,,,1,,1,,,,1,,1,,,,1,,1,,,,1,,,1,,1,,,1,,,,1,,,1,,,1,,1,,,1,,,1,,,,1,,1,,,,1,,,1,,1,,,,1,,,1,,,1,,1,,,1,,,,1,,1,,,1,,,,1,,,1,,1,,,,1,,1,,,,1,,1,,,,1,,1,,,,1,,1,,,,1,,,1,6,7,7,6,7,7,7,7
43585490,135.23.188.253,12/15/2015 4:08,DESKTOP/LAPTOP: Windows (other),717,Complete,1,,,,CA,ON,,http://www.questionpro.com//userimages/sub-3/2618468/4367714/44267038/43585490-Resume-Prolific.doc,,2,1,6,5,"Toronto, Toronto, ON, Canada (Longitude : -79.3831843, Latitude : 43.653226)",7,4,4,60,2,,5,5,5,5,5,5,5,5,5,5,5,5,5,2,1,2,1,3,5,6,1,2,6,7,7,7,7,6,,1,,1,,,1,,,,1,,1,,,,1,,1,,,,1,,,1,,1,,,,1,,,1,,,1,,1,,,1,,,1,,,1,,,,1,,1,,,1,,,,1,,1,,,,1,,1,,,,1,,1,,,1,,,1,,,,1,,1,,,1,,,1,,,1,,,,1,,,1,,,1,,,1,,,1,,1,,,,1,,1,,,,1,,1,,,1,,,,1,,1,,,1,,,1,,,,1,,,1,,,1,,,1,,1,,,,1,,,1,,1,,,1,,,,1,,,1,,1,,6,7,5,7,7,6,7,6
43596567,193.194.84.163,12/15/2015 6:15,DESKTOP/LAPTOP: Windows (other),2032,Complete,1,,,,DZ,,,http://www.questionpro.com//userimages/sub-3/2618468/4367714/44267038/43596567-CV.docx,,2,1,6,6,"Constantine, Constantine, Algeria (Longitude : 6.642433, Latitude : 36.360155)",10,4,5,40,1,,4,4,4,3,4,4,4,2,4,3,1,2,4,2,1,1,4,4,2,1,3,5,5,6,6,1,7,7,,1,,1,,,1,,,,1,,1,,,,1,,1,,,,,1,,,1,1,,,1,,,,,1,,,1,1,,,1,,,,,1,,,1,,,1,,,1,,,1,,1,,,1,,,,1,,,1,,1,,,,1,,,1,,1,,1,,,,,1,,,1,,,1,,,1,,,1,,,1,,,1,,,1,,1,,,1,,1,,,,1,,,,1,1,,,,,1,,,1,,,1,1,,,1,,,,,1,,1,,,,1,,1,,,,1,,,1,,1,,,,1,,1,,,1,,,1,,1,,7,6,5,7,6,6,6,6
43610143,134.243.201.52,12/15/2015 8:59,DESKTOP/LAPTOP: Windows (other),861,Complete,1,,,,US,OH,,http://www.questionpro.com//userimages/sub-3/2618468/4367714/44267038/43610143-rx.docx,,2,1,6,6,"Columbus, Columbus, OH, USA (Longitude : -82.9987942, Latitude : 39.9611755)",10,3,11,40,5,,3,3,5,5,5,5,4,4,5,5,5,5,3,1,1,1,1,2,1,2,1,1,1,6,6,6,6,6,,1,,1,,,1,,,,1,,1,,,,1,,1,,,,1,,,1,,1,,,,1,,,1,,,1,,1,,,1,,,1,,,1,,,,1,,,1,,1,,,,1,,1,,,,1,,1,,,,1,,1,,,1,,,1,,,,1,,1,,,,,,1,,,,,,,1,,,1,,,1,,1,,,,1,,1,,,,1,,1,,,,1,,1,,,1,,,,1,,,,,1,,,1,,,,1,,1,,,,1,,,1,,1,,,1,,,,1,,1,,,,1,,,1,,,1,,1,,7,7,4,7,7,7,7,6
43615009,170.185.49.17,12/15/2015 9:56,DESKTOP/LAPTOP: Windows (other),462,Complete,1,,,,US,KY,,http://www.questionpro.com//userimages/sub-3/2618468/4367714/44267038/43615009-GOOD-RESUME.docx,,2,1,6,6,"42103, Bowling Green, KY 42103, USA (Longitude : -86.317392, Latitude : 36.9616468)",4,5,6,45,3,,4,4,4,4,4,3,4,4,4,3,3,3,5,2,2,2,2,2,5,5,1,1,2,6,6,7,6,6,,1,,1,,,1,,,,1,,1,,,,1,,1,,,,1,,,1,,1,,,,1,,,1,,,1,,1,,,1,,,1,,,1,,,,1,,1,,,1,,,,1,,1,,,1,,,1,,,,1,,1,,,1,,,1,,,,1,,,1,,1,,,1,,,,1,,,1,,,1,,1,,,,1,,,1,,,1,,,1,,1,,,,1,,1,,,1,,,,1,,1,,,1,,,1,,,,1,,1,,,,1,,,1,,1,,,,1,,,1,,1,,,1,,,,1,,,1,,1,,6,6,6,,6,6,6,5
43617115,2.122.8.30,12/15/2015 10:22,DESKTOP/LAPTOP: Windows 8,614,Complete,1,,,,GB,Q5,,http://www.questionpro.com//userimages/sub-3/2618468/4367714/44267038/43617115-Personal-Profile.docx,,2,1,6,5,"York, York, York, York, UK (Longitude : -1.0872979, Latitude : 53.9599651)",6,2,2.5,37,2,,4,5,4,4,4,4,5,3,3,4,4,3,5,3,1,2,2,2,6,6,2,2,5,7,7,6,6,6,,1,,1,,,1,,,,1,,1,,,,1,,1,,,,1,,,1,,1,,,,1,,,1,,,1,,1,,,1,,,,1,,1,,,,1,,1,,,1,,,,1,,1,,,,1,,1,,,,1,,1,,,1,,,1,,,,1,,1,,,,1,,1,,,1,,,,1,,,1,,,1,,,1,,,1,,1,,,,1,,1,,,1,,,1,,,1,,,,1,,,1,,1,,,1,,,,1,,,1,,1,,,,1,,1,,,,1,,,1,,1,,,1,1,,1,,,,1,,1,,5,3,4,5,6,6,6,6
43636357,47.55.22.103,12/15/2015 15:01,DESKTOP/LAPTOP: Mac,1080,Complete,1,,,,CA,ON,,http://www.questionpro.com//userimages/sub-3/2618468/4367714/44267038/43636357-Old-Resume.docx,,2,2,6,5,"Temiskaming Shores, Temiskaming Shores, ON, Canada (Longitude : -79.7121299, Latitude : 47.4793748)",17,3,5,35,3,,5,5,5,5,5,2,5,4,3,3,4,2,4,1,1,1,1,2,6,6,6,6,2,6,6,6,7,1,,1,,1,,,,1,,,1,,1,,,,1,,1,,,,1,,,1,,1,,,,1,,,1,,,1,,1,,,1,,,,1,,1,,,,1,,1,,,1,,,,1,,1,,,,1,,1,,,,1,,1,,,1,,,,1,,,1,,1,,,,1,,1,,,1,,,,1,,,1,,,1,,,1,,,1,,,1,,,1,,1,,,,1,,1,,,1,,,,1,,,1,,1,,,1,,,1,,,,1,,,1,,,1,,1,,,1,,,,1,,1,,,1,,,1,,,,1,,1,,3,5,2,5,6,6,6,6
43641670,73.210.16.141,12/15/2015 16:38,DESKTOP/LAPTOP: Windows (other),499,Complete,1,,,,US,,,http://www.questionpro.com//userimages/sub-3/2618468/4367714/44267038/43641670-resumeforprolific-1.docx,,1,2,6,2,"Flint, Flint, MI, USA (Longitude : -83.6874562, Latitude : 43.0125274)",11,2,2.5,26,1,,5,5,5,5,3,4,4,4,4,4,4,4,2,1,1,1,1,4,1,1,5,5,5,5,5,5,5,5,,1,,1,,,1,,,,1,,1,,,1,,,1,,,,1,,,1,,1,,,1,,,,1,,1,,,1,,,1,,,1,,,1,,,,1,,1,,,1,,,,1,,1,,,,1,,1,,,,1,,1,,,1,,,1,,,,1,,,1,,,1,,1,,,1,,,,1,,,1,,1,,,,1,,,1,,1,,,,1,,1,,,1,,,1,,,1,,,,1,,1,,,1,,,1,,,,1,,,1,,,1,,,1,,1,,,,1,,,1,,1,,,,1,,1,,,,1,,1,,3,3,3,5,5,3,3,3
43656965,101.108.123.88,12/15/2015 22:06,DESKTOP/LAPTOP: Windows (other),2003,Complete,1,,,,TH,40,,http://www.questionpro.com//userimages/sub-3/2618468/4367714/44267038/43656965-resume.txt,,2,1,3,6,"Bangkok, Bangkok, Thailand (Longitude : 100.5017651, Latitude : 13.7563309)",10,14,4,35,1,,3,4,5,5,4,2,3,3,4,3,5,1,2,1,3,2,2,2,1,1,1,1,1,1,1,4,6,4,1,1,,,,,,,,,,,,,,,,,,,,,,,1,1,,,,,,,,,,,,,,,,,,,,1,1,,,,,,,,,,,1,1,,,,,,,,,,,,,,,,,,,,,,,,,,,,,,,,,,,,,,,,,,,,,,,,,,,,,,,,,,,,,,,,,1,1,,,,,,,,,,,,,,,,,,,,,,,,,,,,,,,,,,,,,,,,,,,,,,,,,,,,,,,6,6,4,4,6,6,5,3
43664896,144.24.20.230,12/16/2015 1:22,DESKTOP/LAPTOP: Windows (other),582,Complete,1,,,,GB,K7,,http://www.questionpro.com//userimages/sub-3/2618468/4367714/44267038/43664896-CV.doc,,2,2,3,5,"Spencer Dock, Spencer Dock, N Wall Quay, North Wall, Dublin, Ireland (Longitude : -6.2385286, Latitude : 53.3500292)",10,3,3,40,4,,5,5,5,5,5,3,3,3,3,3,4,3,3,1,1,1,1,2,1,1,1,1,1,7,6,1,1,1,,1,,1,,,1,,,,1,,1,,,,1,,1,,,,1,,,1,,1,,,,1,,,1,,,1,,1,,,1,,,1,,,1,,,1,,,1,,,1,,,,1,,1,,,,1,,1,,,,1,,,1,,1,,,1,,,,1,,,,,,1,,1,,,1,,,,1,,,1,,,1,,,1,,,1,,1,,,,1,,1,,,,1,,1,,,1,,,,1,,,1,,1,,,1,,,1,,,,1,,1,,,,1,,1,,,1,,,,1,,1,,,1,,,1,,,,1,,1,,6,7,4,7,7,7,7,6
43669278,213.104.136.150,12/16/2015 3:18,DESKTOP/LAPTOP: Windows (other),898,Complete,1,,,,GB,,,http://www.questionpro.com//userimages/sub-3/2618468/4367714/44267038/43669278-resume.png,,2,1,6,5,"OX28 1JW, Witney, Witney, Oxfordshire OX28 1JW, UK (Longitude : -1.4877909, Latitude : 51.7982057)",17,5,3,40,2,,3,3,5,4,3,5,4,4,4,4,3,2,3,5,2,5,5,5,6,7,1,3,3,7,6,6,6,6,,1,,1,,,1,,,,1,,1,,,,1,,1,,,,1,,,1,,1,,,,1,,,1,,,1,,1,,,1,,,1,,,1,,,,1,,1,,,1,,,,1,,1,,,1,,,,1,,,1,,1,,,1,,,1,,,,1,,1,,,,1,,1,,,1,,,,1,,,1,,,1,,,1,,,1,,1,,,,1,,1,,,,1,,1,,,,,,,,,1,,,1,,,1,,,,1,,1,,,,1,,,1,,1,,,,1,,,1,,1,,,1,,,1,,,,1,,1,,6,3,2,7,7,7,6,5
43674259,123.19.177.246,12/16/2015 4:54,DESKTOP/LAPTOP: Windows (other),1535,Complete,1,,,,VN,46,,http://www.questionpro.com//userimages/sub-3/2618468/4367714/44267038/43674259-Information.doc,,2,1,3,8,"tp. Quy Nhơn, tp. Quy Nhơn, Bình Định, Việt Nam (Longitude : 109.2196634, Latitude : 13.7829673)",10,6,7,8,7,,3,2,4,3,3,3,4,3,2,3,2,5,5,4,2,2,2,2,6,6,6,5,4,5,6,6,6,5,,1,,1,,,1,,,,1,,1,,,,1,,1,,,,1,,,1,,1,,,,1,,,1,,,1,,,,1,1,,,1,,,1,,,,1,,,1,,1,,,,1,,1,,,,1,,1,,,,1,,1,,,1,,,1,,,,1,,1,,,,,1,1,,,,,1,,1,,,,1,,1,,1,,,,1,,1,,,,1,,1,,,,1,,,,1,1,,,,1,,,,1,1,,,1,,,,1,,1,,,,1,,,1,,1,,,1,,,,1,,,,1,,1,,,1,,,1,,1,,7,6,5,7,7,7,6,6
43685899,209.150.34.144,12/16/2015 7:37,DESKTOP/LAPTOP: Windows (other),714,Complete,1,,,,US,NY,,http://www.questionpro.com//userimages/sub-3/2618468/4367714/44267038/43685899-Resume.docx,,1,1,3,2,"New York, New York, NY, USA (Longitude : -74.0059413, Latitude : 40.7127837)",17,2,3,40,3,,3,3,3,3,3,3,3,3,4,4,3,2,2,2,1,2,2,2,3,2,2,3,1,6,5,5,5,5,,1,,1,,,1,,,,1,,1,,,,1,,1,,,,1,,1,,,1,,,,1,,,1,,1,,,1,,,1,,,1,,,1,,,1,,,1,,,1,,,,1,,1,,,1,,,1,,,1,,,1,,,1,,,,1,,1,,,1,,,1,,,,1,,1,,,,1,,,1,,1,,,1,,,,1,,1,,,,1,,1,,,1,,,1,,,1,,,,1,,,1,,1,,,1,,,1,,,1,,,1,,,,1,,1,,,,1,,,1,,1,,,,1,,,1,,,1,,,1,3,3,2,3,3,3,3,5
43689309,180.190.91.44,12/16/2015 8:16,DESKTOP/LAPTOP: Windows 8,725,Complete,1,,,,PH,D9,,http://www.questionpro.com//userimages/sub-3/2618468/4367714/44267038/43689309-resume.docx,,1,1,3,5,"Manila Avenue, Manila Ave, Jersey City, NJ, USA (Longitude : -74.0419252, Latitude : 40.7266256)",9,3,1,80,1,,4,4,4,3,5,3,4,4,5,4,2,3,2,3,2,3,3,1,2,3,4,6,5,6,6,6,6,6,,1,,1,,,1,,,,1,,1,,,,1,,1,,,,1,,,1,,1,,,,1,,,1,,,1,,1,,,1,,,1,,,1,,,1,,,1,,,1,,,,1,,1,,,1,,,1,,,,1,,,1,,1,,,1,,,,1,,1,,,,1,,1,,,1,,,,1,,,1,,1,,,,1,,,1,,1,,,,1,,1,,,1,,,1,,,1,,,,1,,1,,,1,,,1,,,,1,,,1,,,1,,,1,,1,,,,1,,,1,,1,,,,1,,,1,,,1,,1,,6,7,6,6,6,4,6,5
43693472,71.180.12.218,12/16/2015 9:05,DESKTOP/LAPTOP: Windows (other),590,Complete,1,,,,US,FL,,http://www.questionpro.com//userimages/sub-3/2618468/4367714/44267038/43693472-Resume-Anonymous.docx,,1,1,6,2,"Tampa, Tampa, FL, USA (Longitude : -82.4571776, Latitude : 27.950575)",4,1,2,32,1,,3,3,4,3,4,2,3,3,3,3,4,4,5,2,1,1,2,2,3,3,3,2,3,6,6,7,7,7,,1,,1,,,1,,,,1,,1,,,,1,,1,,,,1,,,1,,1,,,,1,,,1,,,1,,1,,,,1,,,1,,1,,,1,,,,1,,,1,,,1,,1,,,,1,,1,,,,1,,1,,,1,,,1,,,,1,,,1,,,1,,1,,,1,,,,1,,,1,,1,,,,1,,,1,,1,,,,1,,1,,,1,,,1,,,1,,,,1,,1,,,1,,,1,,,,1,,,1,,,1,,,1,,1,,,,1,,,1,,1,,,,1,,,1,,,1,,1,,6,5,6,6,6,5,6,7
43694142,38.104.240.106,12/16/2015 9:13,DESKTOP/LAPTOP: Windows (other),370,Complete,1,,,,US,CT,,http://www.questionpro.com//userimages/sub-3/2618468/4367714/44267038/43694142-Quin-Resume.docx,,1,2,6,5,"Manchester, Manchester, CT, USA (Longitude : -72.5215009, Latitude : 41.7759301)",15,3,2,40,2,,5,4,5,4,5,4,5,5,5,5,5,4,3,1,1,1,1,2,7,7,5,4,5,7,7,7,7,7,,1,,1,,,1,,,,1,,1,,,,1,,1,,,,1,,,1,,1,,,,1,,,1,,,1,,1,,,1,,,1,,,1,,,,1,,,1,,1,,,,1,,1,,,,1,,1,,,,1,,1,,,1,,,1,,,,1,,,1,,,1,,1,,,1,,,,1,,,1,,1,,,,1,,,1,,1,,,,1,,1,,,,1,,1,,,1,,,,1,,1,,,1,,,1,,,,1,,,1,,,1,,,1,,1,,,1,,,,1,,1,,,,1,,,1,,,1,,1,,6,7,5,7,7,6,7,5
43694817,1.39.33.49,12/16/2015 9:21,SMARTPHONE: Android,1644,Complete,1,,,,IN,16,,http://www.questionpro.com//userimages/sub-3/2618468/4367714/44267038/43694817-CV-v1.2.doc,,2,2,6,5,"Becker & Poliakoff, New York, NY, 45 Broadway, New York, NY 10006, United States (Longitude : -74.013262, Latitude : 40.7065404)",11,6,5,56,5,,4,4,5,5,3,3,4,4,5,4,5,5,4,1,1,1,1,1,1,2,1,4,2,6,5,3,5,5,,1,,1,,,1,,,,1,,1,,,,1,,1,,,,1,,,1,,1,,,,1,,,1,,,1,,1,,,1,,,1,,,1,,,1,,,1,,,1,,,,1,,1,,,,1,,,1,,,1,,1,,,1,,,,1,,,1,,1,,,,1,,1,,,1,,,,1,,,1,,1,,,1,,,,1,,,1,,,1,,,1,,,1,,1,,,1,,,,1,,,1,,1,,,,,,1,,,,1,,,1,,,1,,1,,,,1,,,1,,,1,,1,,,1,,,,1,,1,,6,6,4,5,6,6,5,7
43703485,131.155.238.226,12/16/2015 10:57,DESKTOP/LAPTOP: Mac,987,Complete,1,,,,NL,6,,http://www.questionpro.com//userimages/sub-3/2618468/4367714/44267038/43703485-cv.doc,,3,1,7,8,"Eindhoven, Eindhoven, Nederland (Longitude : 5.4697225, Latitude : 51.441642)",4,5,1,40,3,,4,4,5,4,4,4,4,4,4,4,4,4,4,2,1,1,2,1,5,4,1,2,3,5,6,2,5,5,,1,,1,,,1,,,,1,,1,,,1,,,1,,,1,,,,1,,1,,,,1,,,1,,1,,,1,,,1,,,1,,,1,,,1,,,1,,,1,,,,1,,1,,,,1,,1,,,1,,,1,,,1,,,,1,,,1,,1,,,,1,,1,,,,1,,,1,,,1,,,1,,,1,,,1,,,1,,,1,,,1,,1,,,1,,,1,,,,1,,,1,,1,,,1,,,,1,,,1,,,1,,,1,,1,,,,1,,,1,,1,,,,1,,,1,,,1,,1,,6,5,5,7,6,6,6,6
43717460,111.69.35.82,12/16/2015 14:25,DESKTOP/LAPTOP: Other,1053,Complete,1,,,,NZ,E7,,http://www.questionpro.com//userimages/sub-3/2618468/4367714/44267038/43717460-res.doc,,2,1,3,5,"Auckland, Auckland, New Zealand (Longitude : 174.7633315, Latitude : -36.8484597)",10,3,2,40,4,,5,4,5,5,4,4,5,5,4,4,4,4,4,2,1,1,1,1,1,5,5,5,5,7,7,7,7,4,,1,,1,,,1,,,,1,,,1,,,1,,1,,,,1,,,1,,1,,,,1,,,1,,,1,,1,,,1,,,1,,,1,,,1,,,1,,,1,,,,1,,1,,,,1,,1,,,,1,,1,,,1,,,,1,,,1,,1,,,1,,,,1,,1,,,,1,,,1,,,1,,,1,,,1,,1,,,,1,,1,1,,1,,,1,,,1,,,,1,,,1,,1,,,1,,,,1,,1,,,1,,,,1,,1,,,,1,,,1,,1,,,,1,,,1,,,1,,1,,6,6,6,6,6,5,5,4
43754987,95.148.233.228,12/17/2015 3:19,DESKTOP/LAPTOP: Windows (other),1034,Complete,1,,,,GB,,,http://www.questionpro.com//userimages/sub-3/2618468/4367714/44267038/43754987-Gwynedd-CV.doc,,4,2,6,5,"Harlech, Harlech, Harlech, Gwynedd LL46, UK (Longitude : -4.107858, Latitude : 52.858894)",17,5,1,40,2,,3,3,4,4,4,4,5,5,3,2,4,4,5,1,1,1,2,1,2,5,1,3,5,7,7,7,5,6,,1,,1,,,1,,,,1,,1,,,,1,,1,,,,1,,,1,,1,,,,1,,,1,,,1,,1,,,1,,,1,,,1,,,,1,,1,,,1,,,,1,,1,,,,1,,1,,,,1,,1,,,1,,,,1,,,1,,1,,,1,,,1,,,,1,,,1,,,1,,,1,,,1,,,1,,1,,,,1,,1,,,1,,,1,,,1,,,,1,,,1,,1,,,1,,,,1,,1,,,,1,,,1,,1,,,1,,,,1,,1,,,1,,,1,,,,1,,1,,6,6,6,6,6,6,6,6
43762206,78.7.244.102,12/17/2015 5:35,DESKTOP/LAPTOP: Mac,1095,Complete,1,,,,IT,7,,http://www.questionpro.com//userimages/sub-3/2618468/4367714/44267038/43762206-resume.txt,,2,1,6,1,"Milano, Milano, Italia (Longitude : 9.1859243, Latitude : 45.4654219)",15,1,2,40,2,,5,4,3,3,4,4,4,4,5,5,4,4,2,2,2,3,4,2,2,4,3,3,6,2,6,3,3,5,,1,,,1,,1,,,,1,,1,,,,1,,1,,,,1,,,1,,1,,,,1,,,1,,1,,,1,,,1,,,1,,,1,,,1,,,1,,,1,,,,1,,1,,,1,,,1,,,,1,,1,,,1,,,1,,,,1,,1,,,1,,,1,,,1,,,,1,,,1,,1,,,,1,,,1,,1,,,1,,,1,,,1,,,1,,,1,,,,1,,,1,,1,,,1,,,,1,,,1,,,1,,,1,,1,,,1,,,,1,,1,,,,1,,,1,,,1,,1,,6,6,2,5,6,5,6,4
43764472,213.207.159.1,12/17/2015 6:15,SMARTPHONE: Android,2116,Complete,1,,,,CY,4,,http://www.questionpro.com//userimages/sub-3/2618468/4367714/44267038/43764472-CE88CEB3CEB3CF81CEB1CF86CEBF6.docx,,3,2,6,2,"Λευκωσία, Λευκωσία, Κύπρος (Longitude : 33.3822764, Latitude : 35.1855659)",7,2,10,40,1,,2,3,1,3,4,2,3,1,4,3,1,1,2,3,2,2,2,3,5,5,3,3,5,6,6,5,6,6,1,,,,1,,1,,,,1,,1,,,,1,,1,,,,1,,,1,,1,,,,1,,,1,,1,,,,1,,1,,,1,,,1,,,1,,,,1,,1,,,1,,,1,,,,1,,,1,,1,,,,1,,1,,,1,,,,1,,,1,,,1,,,1,,1,,,1,,,,1,,1,,,,1,,1,,,,1,,,1,,,1,,,1,,1,,,1,,,,1,,,1,,1,,,1,,,1,,,1,,,,1,,,1,,1,,,,1,,,1,,1,,,1,,,,1,,,1,,1,,5,5,2,3,5,6,6,4
43788224,186.93.74.75,12/17/2015 12:08,DESKTOP/LAPTOP: Windows (other),1554,Complete,1,,,,VE,25,,http://www.questionpro.com//userimages/sub-3/2618468/4367714/44267038/43788224-professional-2-resume-letter.doc,,2,1,6,2,"Ottawa, Ottawa, Ontario, Canadá (Longitude : -75.6971931, Latitude : 45.4215296)",10,3,3,35,2,,4,4,4,4,4,2,2,3,5,4,4,3,3,4,3,4,3,1,4,4,5,4,5,4,5,4,4,6,,1,,1,,,1,,,,1,,1,,,,1,,1,,,1,,,,1,,1,,,,1,,,1,,1,,,1,,,1,,,1,,,1,,,1,,,1,,,,1,,,1,,1,,,,1,,1,,,1,,,,1,,1,,,1,,,,1,,,1,,1,,,,1,,,1,,,1,,,1,,,1,,1,,,,1,,,1,,,1,,,1,,1,,,1,,,1,,,,1,,1,,,1,,,1,,,1,,,,1,,,1,,,1,,1,,,,1,,,1,,1,,,,1,,1,,,,1,,1,,6,5,5,6,6,5,6,5
43797667,199.16.196.1,12/17/2015 14:10,DESKTOP/LAPTOP: Windows (other),489,Complete,1,,,,US,CA,,http://www.questionpro.com//userimages/sub-3/2618468/4367714/44267038/43797667-generic.docx,,2,2,3,6,"Santa Clara, Santa Clara, CA, USA (Longitude : -121.9552356, Latitude : 37.3541079)",17,3,3,40,5,,5,5,5,5,5,5,5,5,5,5,5,5,5,2,1,1,1,2,1,1,1,1,1,7,7,7,7,7,,1,,1,,,1,,,,1,,1,,,,1,,1,,,,1,,,1,,1,,,1,,,,1,,1,,,1,,,1,,,1,,,1,,,1,,,1,,,,1,,,1,,1,,,1,,,1,,,,1,,1,,,1,,,,1,,,1,,,1,,,1,,1,,,1,,,,1,,,1,,1,,,1,,,,1,,,1,,,1,,,1,,,1,,1,,,1,,,,1,,1,,,1,,,1,,,1,,,,1,,,1,,,1,,1,,,,1,,,1,,1,,,,1,,,1,,,1,,1,,7,7,7,7,7,7,7,7
43798002,209.95.50.141,12/17/2015 14:15,DESKTOP/LAPTOP: Windows (other),722,Complete,1,,,,US,UT,,http://www.questionpro.com//userimages/sub-3/2618468/4367714/44267038/43798002-samp.doc,,1,1,6,5,"Hoboken, Hoboken, NJ, USA (Longitude : -74.0323626, Latitude : 40.7439905)",7,2,1,40,3,,4,4,4,5,4,5,4,5,5,5,4,4,4,2,2,2,4,4,6,6,5,6,5,7,7,5,7,7,,1,,1,,,1,,,,1,,1,,,,1,,1,,,,1,,,1,,1,,,,1,,,1,,1,,,1,,,1,,,1,,,1,,,,1,,,1,,1,,,,1,,1,,,,1,,1,,,,1,,1,,,1,,,1,,,,1,,,1,,,1,,1,,,,1,,,1,,,1,,,1,,,1,,,1,,1,,,,1,,1,,,,1,,1,,,1,,,,1,,1,,,1,,,1,,,,1,,,1,,,1,,,1,,1,,,1,,,,1,,1,,,,1,,,1,,,1,,1,,6,6,6,7,6,7,6,6
43800254,86.22.4.102,12/17/2015 14:52,DESKTOP/LAPTOP: Windows 8,858,Complete,1,,,,GB,N2,,http://www.questionpro.com//userimages/sub-3/2618468/4367714/44267038/43800254-CV-for-study.docx,,1,1,6,5,"Plymouth, Plymouth, Plymouth, UK (Longitude : -4.1426565, Latitude : 50.3754565)",11,2,1,35,2,,3,3,3,3,4,1,2,2,5,5,2,3,3,4,1,4,4,2,1,1,1,1,1,7,7,5,5,6,,1,,1,,,1,,,,1,,1,,,,1,,1,,,,1,,,1,,1,,,,1,,,1,,,1,,1,,,1,,,1,,,1,,,,1,,,,,1,,,,1,,1,,,,1,,1,,,,1,,1,,,1,,,,1,,1,,,1,,,,1,,1,,,,1,,,1,,,1,,,1,,,1,,,1,,1,,,,1,,1,,,,1,,1,,,1,,,,1,,,1,,1,,,1,,,,1,,,1,,,1,,,1,,1,,,,1,,,1,,1,,,,1,,,1,,,1,,1,,5,5,5,5,5,4,5,3
43811374,101.249.94.193,12/17/2015 18:08,DESKTOP/LAPTOP: Windows (other),736,Complete,1,,,,CN,14,,http://www.questionpro.com//userimages/sub-3/2618468/4367714/44267038/43811374-fake.txt,,4,1,6,1,"Brockton, Brockton, MA, USA (Longitude : -71.0183787, Latitude : 42.0834335)",1,14,15,36,5,,3,3,3,3,3,3,3,3,3,3,3,3,1,1,1,1,1,1,1,1,1,1,1,1,1,1,1,1,,1,,1,,,1,,,,1,,1,,,,1,,1,,,,1,,,1,,1,,,,1,,,1,,,1,,1,,,1,,,1,,,1,,,1,,,,1,,1,,,,1,,1,,,,1,,1,,,,1,,1,,,1,,,1,,,,1,,1,,,1,,,1,,,1,,,,1,,,1,,,1,,1,,,,1,,1,,,,1,,1,,,,1,,1,,,1,,,,1,,1,,,1,,,1,,,,1,,1,,,,1,,,1,,1,,,,1,,,1,,1,,,,1,,1,,,,1,,1,,5,5,5,7,7,7,7,7
43811789,202.28.179.5,12/17/2015 18:15,DESKTOP/LAPTOP: Windows (other),598,Complete,1,,,,TH,40,,http://www.questionpro.com//userimages/sub-3/2618468/4367714/44267038/43811789-CV.docx,,3,2,6,5,"Phrom Phong BTS Station, 595/22 อาคาร Estate ซอย สุขุมวิท 33/1 Sukhumvit Rd, แขวง คลองตันเหนือ เขต วัฒนา Bangkok 10110, Thailand (Longitude : 100.5697677, Latitude : 13.7304479)",12,3,1,40,1,,5,4,5,4,4,4,5,5,4,3,4,4,3,2,2,2,2,2,1,2,3,3,5,7,7,6,6,5,,1,,1,,,1,,,,1,,1,,,,1,,1,,,,1,,,1,,1,,,,1,,,1,,,1,,1,,,1,,,1,,,1,,,,1,,1,,,1,,,,1,,1,,,,1,,1,,,,1,,1,,,1,,,1,,,,1,,1,,,1,,,1,,,1,,,,1,,,1,,,1,,,1,,,1,,1,,,,1,,1,,,,1,,1,,,1,,,,1,,,1,,1,,,1,,,,1,,1,,,,1,,,1,,1,,,1,,,,1,,1,,,,1,,1,,,,1,,1,,4,6,6,5,6,4,6,6
